cell,rho,groups,reading,size_pattern,residual,domain,attempts,moment_reportable,moment_refused,moment_covered,moment_conditional_coverage,moment_coverage_wilson_low,moment_coverage_wilson_high,moment_reportability,moment_median_width,interval_reportable,interval_refused,interval_covered,interval_conditional_coverage,interval_coverage_wilson_low,interval_coverage_wilson_high,interval_reportability,interval_median_width,paired_n,paired_coverage_difference,paired_difference_mcse,interval_full_range_returns,interval_coverage_including_full_ranges,chi_square_coverage,bootstrap_failed,bootstrap_slots,profile_failures,raw_empty_sets,max_quadrature_error,median_seconds,coverage_membership_mismatches,test_reportable,test_covered,test_conditional_coverage,test_wilson_low,test_wilson_high,test_coverage_including_no_rejections,inversion_attempted,inversion_resolved,inversion_covered,inversion_median_width,anti_conservative_inversion_mismatches
0,0.1,8,narrow_panel,uneven,normal,heavy_censoring,500,500,0,455,0.91,0.8816905887106666,0.9320574521108606,1.0,0.4012766839539681,500,0,473,0.946,0.9225734384893529,0.9626256498189425,1.0,0.1644531249999999,500,0.036,0.014064267034382872,0,0.946,0.958,0,99500,0,0,8.384404281969182e-12,20.71955704499851,0,500,473,0.946,0.9225734384893529,0.9626256498189425,0.946,1,1,1,0.1644531249999999,0
1,0.5,8,narrow_panel,uneven,normal,heavy_censoring,500,473,27,438,0.9260042283298098,0.898828227190518,0.9463164064088424,0.946,0.5490109671754357,500,0,479,0.958,0.9366484142456699,0.9723676898915483,1.0,0.6949218750000001,473,0.03382663847780127,0.008321199825773451,0,0.958,0.93,32,99500,0,0,9.244357954685256e-07,31.97512936349085,0,500,479,0.958,0.9366484142456699,0.9723676898915483,0.958,1,1,1,0.6949218750000001,0
2,0.9,8,narrow_panel,uneven,normal,heavy_censoring,500,280,220,222,0.7928571428571428,0.7415816002770471,0.8362057345308699,0.56,0.35858122867372233,498,2,473,0.9497991967871486,0.9269438064183803,0.9657684080183878,0.996,,280,0.14642857142857144,0.02116560787276164,2,0.95,0.9096385542168675,1280,99102,0,0,9.468412075719357e-06,109.50916472298559,0,498,473,0.9497991967871486,0.9269438064183803,0.9657684080183878,0.95,0,0,0,,0
3,0.1,8,narrow_panel,singleton_rich,normal,heavy_censoring,500,500,0,471,0.942,0.917943812143745,0.9593162708882429,1.0,0.3932338026507768,500,0,473,0.946,0.9225734384893529,0.9626256498189425,1.0,0.486328125,500,0.004,0.012973226630967213,0,0.946,0.99,0,99500,0,0,3.6198599673298304e-10,18.11381146599888,0,500,473,0.946,0.9225734384893529,0.9626256498189425,0.946,1,1,1,0.486328125,0
4,0.5,8,narrow_panel,singleton_rich,normal,heavy_censoring,500,469,31,409,0.8720682302771855,0.8387879887743619,0.8993029579679881,0.938,0.5760366592140608,500,0,476,0.952,0.92957280316411,0.9675347930586469,1.0,0.7542968750000001,469,0.08315565031982942,0.012763528781853568,0,0.952,0.892,44,99500,0,0,8.914296785178522e-07,26.612213276996044,0,500,476,0.952,0.92957280316411,0.9675347930586469,0.952,1,1,1,0.7542968750000001,0
5,0.9,8,narrow_panel,singleton_rich,normal,heavy_censoring,500,250,250,179,0.716,0.6571618753149917,0.768300539302976,0.5,0.40273006978882514,498,2,477,0.9578313253012049,0.9363974444312642,0.9722560595490177,0.996,0.569609375,250,0.24,0.027065293652238982,2,0.958,0.929718875502008,1996,99102,0,0,8.419269803994212e-06,96.01577905000886,0,498,477,0.9578313253012049,0.9363974444312642,0.9722560595490177,0.958,1,1,1,0.569609375,0
6,0.1,30,narrow_panel,uneven,normal,heavy_censoring,500,500,0,439,0.878,0.8463952769261602,0.9038407216849063,1.0,0.16590702662227624,500,0,478,0.956,0.9342805571276716,0.9707660443713928,1.0,0.148046875,500,0.078,0.012005008974630627,0,0.956,0.946,0,99500,0,0,2.671640686457977e-12,39.225381124502746,0,500,478,0.956,0.9342805571276716,0.9707660443713928,0.956,1,1,1,0.148046875,0
7,0.5,30,narrow_panel,uneven,normal,heavy_censoring,500,492,8,455,0.9247967479674797,0.8980612574654646,0.9449501377376882,0.984,0.2862405717237254,500,0,482,0.964,0.9438156730319722,0.9771089390197072,1.0,0.3535920121253988,492,0.03861788617886179,0.010022547594266825,0,0.964,0.954,0,99500,0,0,8.235724067162664e-07,56.48117621449637,0,500,482,0.964,0.9438156730319722,0.9771089390197072,0.964,1,1,1,0.3535920121253988,0
8,0.9,30,narrow_panel,uneven,normal,heavy_censoring,500,187,313,60,0.32085561497326204,0.258134616238405,0.3907886291925046,0.374,0.17856974044302132,500,0,477,0.954,0.9319222072317267,0.9691548916291838,1.0,0.19382812500000002,187,0.6042780748663101,0.035855600715925424,0,0.954,0.956,10,99500,0,0,1.7035020505318244e-06,164.60030941551668,0,500,477,0.954,0.9319222072317267,0.9691548916291838,0.954,1,1,1,0.19382812500000002,0
9,0.1,30,narrow_panel,singleton_rich,normal,heavy_censoring,500,500,0,452,0.904,0.8750130375724849,0.9268264953345811,1.0,0.1890284110988121,500,0,467,0.934,0.9087605988391466,0.9526214736402262,1.0,0.33671875,500,0.03,0.008622569071616043,0,0.934,0.92,0,99500,0,0,1.3017142919125035e-11,26.24580879948917,0,500,467,0.934,0.9087605988391466,0.9526214736402262,0.934,1,1,1,0.33671875,0
10,0.5,30,narrow_panel,singleton_rich,normal,heavy_censoring,500,500,0,418,0.836,0.8010053635257086,0.8658710796841282,1.0,0.30068654062526123,500,0,469,0.938,0.9133402868983618,0.9559807908573184,1.0,0.42734375,500,0.102,0.014408581277449133,0,0.938,0.93,0,99500,0,0,9.659040358656057e-07,41.60875758601469,0,500,469,0.938,0.9133402868983618,0.9559807908573184,0.938,1,1,1,0.42734375,0
11,0.9,30,narrow_panel,singleton_rich,normal,heavy_censoring,500,350,150,79,0.2257142857142857,0.18503179080094256,0.2723523138206297,0.7,0.19550816505984708,500,0,475,0.95,0.9272318388284524,0.9659062547561506,1.0,0.10515624999999984,350,0.7342857142857143,0.02499096380756203,0,0.95,0.948,9,99500,0,0,5.549338453647579e-06,121.82197528099641,0,500,475,0.95,0.9272318388284524,0.9659062547561506,0.95,1,1,1,0.10515624999999984,0
12,0.1,8,narrow_panel,uneven,normal,heavy_censoring,500,469,31,433,0.9232409381663113,0.8955627690113691,0.9440421188302152,0.938,0.41090949927938036,500,0,479,0.958,0.9366484142456699,0.9723676898915483,1.0,0.533203125,469,0.03837953091684435,0.012683362262871057,0,0.958,0.974,16,99500,0,0,2.8937350293745112e-08,24.470369004498934,0,500,479,0.958,0.9366484142456699,0.9723676898915483,0.958,1,1,1,0.533203125,0
13,0.5,8,narrow_panel,uneven,normal,heavy_censoring,500,373,127,337,0.903485254691689,0.8692754176197867,0.9294689693220429,0.746,0.5536106074135305,500,0,472,0.944,0.920255206353293,0.9609743793168485,1.0,0.47265625,373,0.04289544235924933,0.012393765154342743,0,0.944,0.908,349,99500,0,0,2.540596598876732e-06,41.26744606249849,0,500,472,0.944,0.920255206353293,0.9609743793168485,0.944,1,1,0,0.47265625,0
14,0.9,8,narrow_panel,uneven,normal,heavy_censoring,500,145,355,113,0.7793103448275862,0.7050884972619814,0.8391147149463781,0.29,0.4100528013340521,486,14,480,0.9876543209876543,0.9733301127429683,0.9943299157510819,0.972,0.60796875,145,0.19310344827586207,0.03289445522127399,14,0.988,0.9547325102880658,5241,96714,0,0,7.052641864291331e-06,147.84034809899458,0,486,480,0.9876543209876543,0.9733301127429683,0.9943299157510819,0.988,1,1,1,0.60796875,0
15,0.1,8,narrow_panel,singleton_rich,normal,heavy_censoring,500,462,38,437,0.9458874458874459,0.9213394905919662,0.9630815762727197,0.924,0.4251468904441539,500,0,478,0.956,0.9342805571276716,0.9707660443713928,1.0,1.0,462,0.008658008658008658,0.011861465692551695,0,0.956,0.988,2,99500,0,0,9.166973313767812e-08,23.4641986725037,0,500,478,0.956,0.9342805571276716,0.9707660443713928,0.956,1,1,1,1.0,0
16,0.5,8,narrow_panel,singleton_rich,normal,heavy_censoring,500,359,141,314,0.8746518105849582,0.8363856539705796,0.904984973504855,0.718,0.5798843587714277,500,0,478,0.956,0.9342805571276716,0.9707660443713928,1.0,0.90625,359,0.07799442896935933,0.014172845428473196,0,0.956,0.898,982,99500,0,0,9.631822017297507e-06,37.09996404600679,0,500,478,0.956,0.9342805571276716,0.9707660443713928,0.956,1,1,1,0.90625,0
17,0.9,8,narrow_panel,singleton_rich,normal,heavy_censoring,500,126,374,84,0.6666666666666666,0.5805019155164631,0.7429694963228038,0.252,0.426362657842426,488,12,479,0.9815573770491803,0.965324948366424,0.9902675328508687,0.976,0.734375,126,0.2698412698412698,0.0397015827323517,12,0.982,0.9426229508196722,7296,97112,0,0,9.751764803667127e-06,111.79923724150285,0,488,479,0.9815573770491803,0.965324948366424,0.9902675328508687,0.982,1,1,1,0.734375,0
18,0.1,30,narrow_panel,uneven,normal,heavy_censoring,500,500,0,410,0.82,0.7839253300173655,0.851195092087241,1.0,0.17522193708270073,500,0,477,0.954,0.9319222072317267,0.9691548916291838,1.0,0.2078125,500,0.134,0.01524969200385453,0,0.954,0.942,0,99500,0,0,7.509015631512739e-11,42.09972211549757,0,500,477,0.954,0.9319222072317267,0.9691548916291838,0.954,1,1,1,0.2078125,0
19,0.5,30,narrow_panel,uneven,normal,heavy_censoring,500,444,56,380,0.8558558558558559,0.8201304743301892,0.8854763733076474,0.888,0.2903464766901952,500,0,470,0.94,0.9156389368747802,0.9576516435190539,1.0,0.37617187500000004,444,0.07882882882882883,0.014997507061565113,0,0.94,0.942,0,99500,0,0,9.596052166216396e-07,57.155202182999346,0,500,470,0.94,0.9156389368747802,0.9576516435190539,0.94,1,1,1,0.37617187500000004,0
20,0.9,30,narrow_panel,uneven,normal,heavy_censoring,500,81,419,5,0.06172839506172839,0.02665251209702916,0.13649247636842118,0.162,0.2192395424629776,500,0,479,0.958,0.9366484142456699,0.9723676898915483,1.0,,81,0.8765432098765432,0.036778936073496866,0,0.958,0.958,52,99500,0,0,9.883738599114622e-06,270.50311930499447,0,500,479,0.958,0.9366484142456699,0.9723676898915483,0.958,0,0,0,,0
21,0.1,30,narrow_panel,singleton_rich,normal,heavy_censoring,500,499,1,441,0.8837675350701403,0.852669377228655,0.9090021064597499,0.998,0.1880779535940639,500,0,476,0.952,0.92957280316411,0.9675347930586469,1.0,0.169140625,499,0.06813627254509018,0.011642407676578832,0,0.952,0.942,0,99500,0,0,2.0179413695586845e-12,30.4213179340004,0,500,476,0.952,0.92957280316411,0.9675347930586469,0.952,1,1,1,0.169140625,0
22,0.5,30,narrow_panel,singleton_rich,normal,heavy_censoring,500,456,44,353,0.7741228070175439,0.7335447628599007,0.8101208749474168,0.912,0.30648717136348946,500,0,479,0.958,0.9366484142456699,0.9723676898915483,1.0,0.4359375000000001,456,0.19078947368421054,0.01918943992748224,0,0.958,0.93,0,99500,0,0,9.463904291351356e-07,45.26266385449708,0,500,479,0.958,0.9366484142456699,0.9723676898915483,0.958,1,1,1,0.4359375000000001,0
23,0.9,30,narrow_panel,singleton_rich,normal,heavy_censoring,500,128,372,2,0.015625,0.004295449710144082,0.055180976679817195,0.256,0.2433199594397608,500,0,479,0.958,0.9366484142456699,0.9723676898915483,1.0,0.25554687499999995,128,0.9375,0.021479481144483458,0,0.958,0.956,85,99500,0,0,9.563358915443132e-06,199.6401975320041,0,500,479,0.958,0.9366484142456699,0.9723676898915483,0.958,1,1,1,0.25554687499999995,0
24,0.1,30,wide_panel,uneven,two_component,bimodal_within_lineage,500,500,0,454,0.908,0.8794612618638256,0.930317276319548,1.0,0.16590873816300072,500,0,469,0.938,0.9133402868983618,0.9559807908573184,1.0,0.195703125,500,0.03,0.010697142502342898,0,0.938,0.924,0,99500,0,0,3.410605131648481e-13,52.67739703499683,0,500,469,0.938,0.9133402868983618,0.9559807908573184,0.938,1,1,1,0.195703125,0
25,0.5,30,wide_panel,uneven,two_component,bimodal_within_lineage,500,500,0,464,0.928,0.9019315959830375,0.9475419685818739,1.0,0.2807184617426557,500,0,481,0.962,0.9414152274693561,0.9755398819441696,1.0,0.32771635722948655,500,0.034,0.008592768549349235,0,0.962,0.954,0,99500,0,0,2.273736754432321e-13,75.95233654700132,0,500,481,0.962,0.9414152274693561,0.9755398819441696,0.962,1,1,1,0.32771635722948655,0
26,0.9,30,wide_panel,uneven,two_component,bimodal_within_lineage,500,500,0,469,0.938,0.9133402868983618,0.9559807908573184,1.0,0.10180469180561985,500,0,474,0.948,0.9248988560621544,0.9642697348842947,1.0,0.14815692933424085,500,0.01,0.007204429721721939,0,0.948,0.938,0,99500,0,0,2.9700186132686213e-07,118.23885265900026,0,500,474,0.948,0.9248988560621544,0.9642697348842947,0.948,1,1,1,0.14815692933424085,0
27,0.1,30,narrow_panel,uneven,two_component,bimodal_within_lineage,500,500,0,459,0.918,0.8906451408426114,0.9389809105315311,1.0,0.16320544626536596,500,0,478,0.956,0.9342805571276716,0.9707660443713928,1.0,0.13515625,500,0.038,0.00944936935262479,0,0.956,0.946,0,99500,0,0,2.273736754432321e-13,21.052739932521945,0,500,478,0.956,0.9342805571276716,0.9707660443713928,0.956,1,1,1,0.13515625,0
28,0.5,30,narrow_panel,uneven,two_component,bimodal_within_lineage,500,500,0,445,0.89,0.8595444295965924,0.9145085848433969,1.0,0.28136049283316455,500,0,462,0.924,0.8974035863260316,0.9441309729625723,1.0,0.31851073538187014,500,0.034,0.0094798594647253,0,0.924,0.916,3,99500,0,0,8.543916010239627e-07,52.530109990533674,0,500,462,0.924,0.8974035863260316,0.9441309729625723,0.924,1,1,1,0.31851073538187014,0
29,0.9,30,narrow_panel,uneven,two_component,bimodal_within_lineage,500,445,55,422,0.9483146067415731,0.9236398551254367,0.965315458958851,0.89,0.114695062916782,500,0,478,0.956,0.9342805571276716,0.9707660443713928,1.0,0.07664062500000002,445,0.011235955056179775,0.009791794520245442,0,0.956,0.95,0,99500,0,0,9.931519002748246e-07,124.20334343600553,0,500,478,0.956,0.9342805571276716,0.9707660443713928,0.956,1,1,1,0.07664062500000002,0
30,0.1,30,wide_panel,uneven,normal,laboratory_pooled,500,500,0,273,0.546,0.502174287351395,0.5891242733261424,1.0,0.21746191157683903,500,0,361,0.722,0.6811514003636959,0.7594633924713748,1.0,0.330078125,500,0.176,0.017281356734387562,0,0.722,0.688,0,99500,0,0,3.410605131648481e-13,48.76301572701777,0,500,361,0.722,0.6811514003636959,0.7594633924713748,0.722,1,1,1,0.330078125,0
31,0.5,30,wide_panel,uneven,normal,laboratory_pooled,500,500,0,458,0.916,0.888400685539819,0.9372558631961696,1.0,0.28082911292567847,500,0,473,0.946,0.9225734384893529,0.9626256498189425,1.0,0.3194245225018998,500,0.03,0.009075501609217962,0,0.946,0.932,0,99500,0,0,2.273736754432321e-13,64.92659798148088,0,500,473,0.946,0.9225734384893529,0.9626256498189425,0.946,1,1,1,0.3194245225018998,0
32,0.9,30,wide_panel,uneven,normal,laboratory_pooled,500,500,0,203,0.406,0.3638304421340635,0.4496029338727085,1.0,0.16186866625453056,500,0,186,0.372,0.3307607484885237,0.4151910826696337,1.0,0.2338454803505292,500,-0.034,0.01104227620228071,0,0.372,0.322,1,99500,0,0,9.621911658541649e-07,106.79541665248689,0,500,186,0.372,0.3307607484885237,0.4151910826696337,0.372,1,1,0,0.2338454803505292,0
33,0.1,30,narrow_panel,uneven,normal,laboratory_pooled,500,500,0,263,0.526,0.4822016483694956,0.5694018859265038,1.0,0.2196052293752268,500,0,362,0.724,0.6832224284166226,0.761361867056602,1.0,0.2897255251752373,500,0.198,0.01783895896384729,0,0.724,0.674,0,99500,0,0,2.273736754432321e-13,18.205141387472395,0,500,362,0.724,0.6832224284166226,0.761361867056602,0.724,1,1,0,0.2897255251752373,0
34,0.5,30,narrow_panel,uneven,normal,laboratory_pooled,500,500,0,469,0.938,0.9133402868983618,0.9559807908573184,1.0,0.2811383039004903,500,0,477,0.954,0.9319222072317267,0.9691548916291838,1.0,0.3322671595349861,500,0.016,0.006290241193192601,0,0.954,0.956,1,99500,0,0,1.763417003530776e-07,41.01187593048962,0,500,477,0.954,0.9319222072317267,0.9691548916291838,0.954,1,1,1,0.3322671595349861,0
35,0.9,30,narrow_panel,uneven,normal,laboratory_pooled,500,498,2,125,0.25100401606425704,0.21492674013042373,0.2908932840206511,0.996,0.17196968410907842,500,0,219,0.438,0.39514834408666566,0.48179707413056694,1.0,0.17218750000000005,498,0.18473895582329317,0.018090909864062994,0,0.438,0.414,0,99500,0,0,9.951612582881353e-07,97.08642607800722,0,500,219,0.438,0.39514834408666566,0.48179707413056694,0.438,1,1,1,0.17218750000000005,0
36,0.1,30,wide_panel,uneven,normal,laboratory_stratified,500,500,0,481,0.962,0.9414152274693561,0.9755398819441696,1.0,0.2199135168214706,500,0,477,0.954,0.9319222072317267,0.9691548916291838,1.0,0.28984375,500,-0.008,0.01058754893187132,0,0.954,0.928,0,99500,0,0,1.7053025658242404e-13,37.37847962300293,0,500,477,0.954,0.9319222072317267,0.9691548916291838,0.954,1,1,1,0.28984375,0
37,0.5,30,wide_panel,uneven,normal,laboratory_stratified,500,500,0,452,0.904,0.8750130375724849,0.9268264953345811,1.0,0.3291761647148548,500,0,480,0.96,0.9390264041651492,0.9739592026102227,1.0,0.458203125,500,0.056,0.01029271002989587,0,0.96,0.958,0,99500,0,0,1.1368683772161605e-13,55.22301041500759,0,500,480,0.96,0.9390264041651492,0.9739592026102227,0.96,1,1,1,0.458203125,0
38,0.9,30,wide_panel,uneven,normal,laboratory_stratified,500,500,0,456,0.912,0.8839235279346099,0.9337940155250711,1.0,0.13155577040940042,500,0,471,0.942,0.917943812143745,0.9593162708882429,1.0,0.09820498555334323,500,0.03,0.009919515793987846,0,0.942,0.94,0,99500,0,0,7.711502405527426e-07,94.73848887099302,0,500,471,0.942,0.917943812143745,0.9593162708882429,0.942,1,1,1,0.09820498555334323,0
39,0.1,30,narrow_panel,uneven,normal,laboratory_stratified,500,500,0,485,0.97,0.9510963331640543,0.9817367868020865,1.0,0.2248519187264581,500,0,481,0.962,0.9414152274693561,0.9755398819441696,1.0,0.2609375,500,-0.008,0.011319375270439004,0,0.962,0.944,0,99500,0,0,1.1368683772161605e-13,24.731738061498618,0,500,481,0.962,0.9414152274693561,0.9755398819441696,0.962,1,1,1,0.2609375,0
40,0.5,30,narrow_panel,uneven,normal,laboratory_stratified,500,499,1,448,0.8977955911823647,0.8681065668663364,0.9214066942937074,0.998,0.3308886397215129,500,0,480,0.96,0.9390264041651492,0.9739592026102227,1.0,0.439453125,499,0.06412825651302605,0.011338515168587669,0,0.96,0.948,0,99500,0,0,3.245503421567264e-07,44.717143111498444,0,500,480,0.96,0.9390264041651492,0.9739592026102227,0.96,1,1,1,0.439453125,0
41,0.9,30,narrow_panel,uneven,normal,laboratory_stratified,500,444,56,347,0.7815315315315315,0.7407709460408992,0.817462319495364,0.888,0.16366340241187433,500,0,471,0.942,0.917943812143745,0.9593162708882429,1.0,0.17867765363318566,444,0.16891891891891891,0.020459195904401768,0,0.942,0.938,0,99500,0,0,9.96800821440047e-07,100.51587091000329,0,500,471,0.942,0.917943812143745,0.9593162708882429,0.942,1,1,1,0.17867765363318566,0
42,0.1,30,wide_panel,uneven,normal,laboratory_adjusted,500,500,0,307,0.614,0.5706131270887722,0.6556485232859939,1.0,0.210852614033599,500,0,465,0.93,0.9042028101480832,0.949240257054982,1.0,0.248828125,500,0.316,0.02468819584392622,0,0.93,0.912,1,99500,0,0,2.273736754432321e-13,107.63634473949787,0,500,465,0.93,0.9042028101480832,0.949240257054982,0.93,1,1,1,0.248828125,0
43,0.5,30,wide_panel,uneven,normal,laboratory_adjusted,500,500,0,465,0.93,0.9042028101480832,0.949240257054982,1.0,0.28099978197597325,500,0,476,0.952,0.92957280316411,0.9675347930586469,1.0,0.3198640464456006,500,0.022,0.012137819133049116,0,0.952,0.946,1,99500,0,0,2.273736754432321e-13,110.88716232048318,0,500,476,0.952,0.92957280316411,0.9675347930586469,0.952,1,1,1,0.3198640464456006,0
44,0.9,30,wide_panel,uneven,normal,laboratory_adjusted,500,500,0,182,0.364,0.32301143591892645,0.4070623846866158,1.0,0.16268457732542113,500,0,480,0.96,0.9390264041651492,0.9739592026102227,1.0,0.07856054224882514,500,0.596,0.022860735474890256,0,0.96,0.954,1,99500,0,0,9.314766202805913e-08,169.66878603599616,0,500,480,0.96,0.9390264041651492,0.9739592026102227,0.96,1,1,1,0.07856054224882514,0
45,0.1,30,narrow_panel,uneven,normal,laboratory_adjusted,500,500,0,268,0.536,0.492179234494295,0.5792718129924732,1.0,0.2177149616405339,500,0,472,0.944,0.920255206353293,0.9609743793168485,1.0,0.138671875,500,0.408,0.02585360357155788,0,0.944,0.916,0,99500,0,0,2.273736754432321e-13,34.963972627992916,0,500,472,0.944,0.920255206353293,0.9609743793168485,0.944,1,1,1,0.138671875,0
46,0.5,30,narrow_panel,uneven,normal,laboratory_adjusted,500,500,0,464,0.928,0.9019315959830375,0.9475419685818739,1.0,0.28160741480962126,500,0,481,0.962,0.9414152274693561,0.9755398819441696,1.0,0.3246033816769861,500,0.034,0.011745804691706373,0,0.962,0.956,0,99500,0,0,1.2308345276323962e-07,65.84873580548447,0,500,481,0.962,0.9414152274693561,0.9755398819441696,0.962,1,1,1,0.3246033816769861,0
47,0.9,30,narrow_panel,uneven,normal,laboratory_adjusted,500,488,12,124,0.2540983606557377,0.2174961585651768,0.2945417233664184,0.976,0.17344327889128042,500,0,485,0.97,0.9510963331640543,0.9817367868020865,1.0,0.14667615584135907,488,0.7192622950819673,0.02117287252504209,0,0.97,0.964,2,99500,0,0,9.9974465683772e-07,141.80313839899463,0,500,485,0.97,0.9510963331640543,0.9817367868020865,0.97,1,1,1,0.14667615584135907,0
48,0.1,30,narrow_panel,uneven,normal,country_year_adjusted,500,500,0,303,0.606,0.5625178093072173,0.6478658305149335,1.0,0.21387067999583492,500,0,473,0.946,0.9225734384893529,0.9626256498189425,1.0,,500,0.34,0.024535769969903774,0,0.946,0.928,0,99500,0,0,2.273736754432321e-13,75.80075811951247,0,500,473,0.946,0.9225734384893529,0.9626256498189425,0.946,0,0,0,,0
49,0.5,30,narrow_panel,uneven,normal,country_year_adjusted,500,500,0,453,0.906,0.8772354441374409,0.9285735914077787,1.0,0.28289585171105547,500,0,474,0.948,0.9248988560621544,0.9642697348842947,1.0,,500,0.042,0.013887322111582986,0,0.948,0.93,0,99500,0,0,1.7549723452248145e-08,114.45391640799062,0,500,474,0.948,0.9248988560621544,0.9642697348842947,0.948,0,0,0,,0
50,0.9,30,narrow_panel,uneven,normal,country_year_adjusted,500,496,4,29,0.05846774193548387,0.04101430384854099,0.08270784390326891,0.992,0.19784391450868988,500,0,471,0.942,0.917943812143745,0.9593162708882429,1.0,,496,0.8830645161290323,0.015790475764188242,0,0.942,0.936,1,99500,0,0,9.988769136271005e-07,247.07133197648363,0,500,471,0.942,0.917943812143745,0.9593162708882429,0.942,0,0,0,,0
