bound,design,exceptions,mc_se,procedure,rate,replicates,reported,stringent,study,upper,verdict
0.9738761068324869,trait G=10 m=5 share=0.0 balanced normal p=0.25,,0.00267298989897081,interval for the lineages in hand,0.9855,2000,2000,True,1,0.9929945048822804,meets
0.9545734337354154,trait G=10 m=5 share=0.1 balanced normal p=0.25,,0.003814446224552132,interval for the lineages in hand,0.97,2000,2000,True,1,0.9814629295154129,meets
0.9533698667585947,trait G=10 m=5 share=0.3 balanced normal p=0.25,,0.003875499967746099,interval for the lineages in hand,0.969,2000,2000,True,1,0.980676260246018,meets
0.9758413241126148,trait G=10 m=5 share=0.5 balanced normal p=0.25,,0.0025328837320335107,interval for the lineages in hand,0.987,2000,2000,True,1,0.9940105301321864,meets
0.993662612412038,trait G=10 m=5 share=0.7 balanced normal p=0.25,,0.0007067531393633852,interval for the lineages in hand,0.999,2000,2000,True,1,0.9999879484785229,meets
0.9854962884096278,trait G=10 m=20 share=0.0 balanced normal p=0.25,,0.0017268468374467964,interval for the lineages in hand,0.994,2000,2000,True,1,0.9982489667570679,meets
0.9385853898462047,trait G=10 m=20 share=0.1 balanced normal p=0.25,,0.004561126505590477,interval for the lineages in hand,0.9565,2000,2000,False,1,0.9705785496167223,meets
0.9253007466511416,trait G=10 m=20 share=0.3 balanced normal p=0.25,,0.005097793640389931,interval for the lineages in hand,0.945,2000,2000,False,1,0.9609672641077449,meets
0.955780766380382,trait G=10 m=20 share=0.5 balanced normal p=0.25,,0.0037522659820433853,interval for the lineages in hand,0.971,2000,2000,True,1,0.9822457643048104,meets
0.9719348856361397,trait G=10 m=20 share=0.7 balanced normal p=0.25,,0.00280570846668003,interval for the lineages in hand,0.984,2000,2000,True,1,0.9919537068907874,meets
0.9725795030061468,trait G=30 m=5 share=0.0 balanced normal p=0.25,,0.0027622228367747558,interval for the lineages in hand,0.9845,2000,2000,True,1,0.9923031722243394,meets
0.9551766180451084,trait G=30 m=5 share=0.1 balanced normal p=0.25,,0.0037835003634200943,interval for the lineages in hand,0.9705,2000,2000,True,1,0.9818548378561179,meets
0.9485900021966673,trait G=30 m=5 share=0.3 balanced normal p=0.25,,0.00410944035119139,interval for the lineages in hand,0.965,2000,2000,True,1,0.9774945840897913,meets
0.9791815971982962,trait G=30 m=5 share=0.5 balanced normal p=0.25,,0.0022792268425937726,interval for the lineages in hand,0.9895,2000,2000,True,1,0.9956366886101476,meets
0.9947064280298489,trait G=30 m=5 share=0.7 balanced normal p=0.25,,0.000499874984371065,interval for the lineages in hand,0.9995,2000,2000,True,1,0.9999998571224553,meets
0.9885153284214614,trait G=30 m=20 share=0.0 balanced normal p=0.25,,0.0014113823011501884,interval for the lineages in hand,0.996,2000,2000,True,1,0.9991875956341043,meets
0.9424935255603342,trait G=30 m=20 share=0.1 balanced normal p=0.25,,0.0021711711125565387,interval for the lineages in hand,0.9504,10000,10000,False,1,0.9575571588412899,meets
0.9298938712178944,trait G=30 m=20 share=0.3 balanced normal p=0.25,,0.004919298730510276,interval for the lineages in hand,0.949,2000,2000,False,1,0.9643382625652923,meets
0.9497801031576631,trait G=30 m=20 share=0.5 balanced normal p=0.25,,0.004052406692324946,interval for the lineages in hand,0.966,2000,2000,True,1,0.9782949495417909,meets
0.9745283344776426,trait G=30 m=20 share=0.7 balanced normal p=0.25,,0.0026271657732240663,interval for the lineages in hand,0.986,2000,2000,True,1,0.9933361196576688,meets
0.9758413241126148,trait G=100 m=5 share=0.0 balanced normal p=0.25,,0.0025328837320335107,interval for the lineages in hand,0.987,2000,2000,True,1,0.9940105301321864,meets
0.9432703152446131,trait G=100 m=5 share=0.1 balanced normal p=0.25,,0.004355441998236229,interval for the lineages in hand,0.9605,2000,2000,False,1,0.9738566158969565,meets
0.956385902542438,trait G=100 m=5 share=0.3 balanced normal p=0.25,,0.003720735814324901,interval for the lineages in hand,0.9715,2000,2000,True,1,0.9826356843503686,meets
0.9833347234621331,trait G=100 m=5 share=0.5 balanced normal p=0.25,,0.0019292161620720412,interval for the lineages in hand,0.9925,2000,2000,True,1,0.9974374369221599,meets
0.9959280538233503,trait G=100 m=5 share=0.7 balanced normal p=0.25,,0.0,interval for the lineages in hand,1.0,2000,2000,True,1,1.0,meets
0.984047549417976,trait G=100 m=20 share=0.0 balanced normal p=0.25,,0.0018642692938521525,interval for the lineages in hand,0.993,2000,2000,True,1,0.9977160056998405,meets
0.9420954797838917,trait G=100 m=20 share=0.1 balanced normal p=0.25,,0.004407933189148855,interval for the lineages in hand,0.9595,2000,2000,False,1,0.9730407532841754,meets
0.9345154524333842,trait G=100 m=20 share=0.3 balanced normal p=0.25,,0.004732388403332932,interval for the lineages in hand,0.953,2000,2000,False,1,0.9676804809264191,meets
0.9497801031576631,trait G=100 m=20 share=0.5 balanced normal p=0.25,,0.004052406692324946,interval for the lineages in hand,0.966,2000,2000,True,1,0.9782949495417909,meets
0.9826286444799527,trait G=100 m=20 share=0.7 balanced normal p=0.25,,0.001991983935678198,interval for the lineages in hand,0.992,2000,2000,True,1,0.9971518105259348,meets
0.9765023970055455,call G=10 m=5 share=0.0 balanced normal p=0.25,,0.0024843258642939696,interval for the lineages in hand,0.9875,2000,2000,True,1,0.9943429994400947,meets
0.9674821580753978,call G=10 m=5 share=0.1 balanced normal p=0.25,,0.003091904752737377,interval for the lineages in hand,0.9805,2000,2000,True,1,0.9894461314063441,meets
0.9385853898462047,call G=10 m=5 share=0.3 balanced normal p=0.25,,0.004561126505590477,interval for the lineages in hand,0.9565,2000,2000,False,1,0.9705785496167223,meets
0.9438586820311904,call G=10 m=5 share=0.5 balanced normal p=0.25,,0.004328914413568374,interval for the lineages in hand,0.961,2000,2000,False,1,0.9742635845837737,meets
0.9545508907912568,call G=10 m=5 share=0.7 balanced normal p=0.25,,0.0038163248789826265,interval for the lineages in hand,0.9699849924962481,2000,1999,True,1,0.9814536041140081,meets
0.9893047536601883,call G=10 m=20 share=0.0 balanced normal p=0.25,,0.0013205585939290896,interval for the lineages in hand,0.9965,2000,2000,True,1,0.9993861254107592,meets
0.9527694411013462,call G=10 m=20 share=0.1 balanced normal p=0.25,,0.0039056209493497944,interval for the lineages in hand,0.9685,2000,2000,True,1,0.9802815435488945,meets
0.9310464748312725,call G=10 m=20 share=0.3 balanced normal p=0.25,,0.004873397172404485,interval for the lineages in hand,0.95,2000,2000,False,1,0.9651766415281222,meets
0.9385853898462047,call G=10 m=20 share=0.5 balanced normal p=0.25,,0.004561126505590477,interval for the lineages in hand,0.9565,2000,2000,False,1,0.9705785496167223,meets
0.9462187512608526,call G=10 m=20 share=0.7 balanced normal p=0.25,,0.004220841148396847,interval for the lineages in hand,0.963,2000,2000,True,1,0.9758847603023189,meets
0.9819287306430343,call G=30 m=5 share=0.0 balanced normal p=0.25,,0.0020527725154044657,interval for the lineages in hand,0.9915,2000,2000,True,1,0.9968597414042134,meets
0.9497801031576631,call G=30 m=5 share=0.1 balanced normal p=0.25,,0.004052406692324946,interval for the lineages in hand,0.966,2000,2000,True,1,0.9782949495417909,meets
0.9275939430878583,call G=30 m=5 share=0.3 balanced normal p=0.25,,0.005009540897128201,interval for the lineages in hand,0.947,2000,2000,False,1,0.9626561660177037,meets
0.9345154524333842,call G=30 m=5 share=0.5 balanced normal p=0.25,,0.004732388403332932,interval for the lineages in hand,0.953,2000,2000,False,1,0.9676804809264191,meets
0.9594273090877736,call G=30 m=5 share=0.7 balanced normal p=0.25,,0.0035583704135460676,interval for the lineages in hand,0.974,2000,2000,True,1,0.9845692523432081,meets
0.9847678028941557,call G=30 m=20 share=0.0 balanced normal p=0.25,,0.0017969070649312877,interval for the lineages in hand,0.9935,2000,2000,True,1,0.9979867983026248,meets
0.9474029244604217,call G=30 m=20 share=0.1 balanced normal p=0.25,,0.0041655731898503495,interval for the lineages in hand,0.964,2000,2000,True,1,0.9766911471010669,meets
0.9310464748312725,call G=30 m=20 share=0.3 balanced normal p=0.25,,0.004873397172404485,interval for the lineages in hand,0.95,2000,2000,False,1,0.9651766415281222,meets
0.9327788196451461,call G=30 m=20 share=0.5 balanced normal p=0.25,,0.004803527349771207,interval for the lineages in hand,0.9515,2000,2000,False,1,0.9664307307078969,meets
0.9415089889644441,call G=30 m=20 share=0.7 balanced normal p=0.25,,0.00443390347211123,interval for the lineages in hand,0.959,2000,2000,False,1,0.972631882017701,meets
0.9668535955804332,call G=100 m=5 share=0.0 balanced normal p=0.25,,0.003130495168499707,interval for the lineages in hand,0.98,2000,2000,True,1,0.9890801601457055,meets
0.9450373717126653,call G=100 m=5 share=0.1 balanced normal p=0.25,,0.004275277768753747,interval for the lineages in hand,0.962,2000,2000,True,1,0.9750755373545323,meets
0.9304699480043379,call G=100 m=5 share=0.3 balanced normal p=0.25,,0.0048964145045124596,interval for the lineages in hand,0.9495,2000,2000,False,1,0.9647576796427303,meets
0.9503763267643602,call G=100 m=5 share=0.5 balanced normal p=0.25,,0.004023540107914917,interval for the lineages in hand,0.9665,2000,2000,True,1,0.9786939399951036,meets
0.956992051355683,call G=100 m=5 share=0.7 balanced normal p=0.25,,0.0036889022757454573,interval for the lineages in hand,0.972,2000,2000,True,1,0.9830245724180334,meets
0.9738761068324869,call G=100 m=20 share=0.0 balanced normal p=0.25,,0.00267298989897081,interval for the lineages in hand,0.9855,2000,2000,True,1,0.9929945048822804,meets
0.9426825849095486,call G=100 m=20 share=0.1 balanced normal p=0.25,,0.004381780460041331,interval for the lineages in hand,0.96,2000,2000,False,1,0.9734490016289379,meets
0.9253007466511416,call G=100 m=20 share=0.3 balanced normal p=0.25,,0.005097793640389931,interval for the lineages in hand,0.945,2000,2000,False,1,0.9609672641077449,meets
0.9293182382938656,call G=100 m=20 share=0.5 balanced normal p=0.25,,0.004942051699446293,interval for the lineages in hand,0.9485,2000,2000,False,1,0.9639183965913207,meets
0.9322009040833273,call G=100 m=20 share=0.7 balanced normal p=0.25,,0.004826955562256609,interval for the lineages in hand,0.951,2000,2000,False,1,0.9660131737566025,meets
0.9304699480043379,trait G=30 m=20 share=0.1 poisson normal p=0.25,,0.0048964145045124596,interval for the lineages in hand,0.9495,2000,2000,False,1,0.9647576796427303,meets
0.9293182382938656,trait G=30 m=20 share=0.3 poisson normal p=0.25,,0.004942051699446293,interval for the lineages in hand,0.9485,2000,2000,False,1,0.9639183965913207,meets
0.9509733546284556,trait G=30 m=20 share=0.5 poisson normal p=0.25,,0.003994433626936366,interval for the lineages in hand,0.967,2000,2000,True,1,0.979092112837407,meets
0.9706524836867206,trait G=5 m=5 share=0.0 balanced normal p=0.25,,0.0028905881754411173,interval for the lineages in hand,0.983,2000,2000,True,1,0.9912477390801595,meets
0.9624976530593907,trait G=5 m=5 share=0.1 balanced normal p=0.25,,0.0033873108803297025,interval for the lineages in hand,0.9765,2000,2000,True,1,0.9864732846940578,meets
0.955780766380382,trait G=5 m=5 share=0.3 balanced normal p=0.25,,0.0037522659820433853,interval for the lineages in hand,0.971,2000,2000,True,1,0.9822457643048104,meets
0.9662267130076583,trait G=5 m=5 share=0.5 balanced normal p=0.25,,0.0031685761786644775,interval for the lineages in hand,0.9795,2000,2000,True,1,0.9887124661700077,meets
0.9854962884096278,trait G=5 m=5 share=0.7 balanced normal p=0.25,,0.0017268468374467964,interval for the lineages in hand,0.994,2000,2000,True,1,0.9982489667570679,meets
0.9901132394456481,trait G=5 m=20 share=0.0 balanced normal p=0.25,,0.0012229063741758816,interval for the lineages in hand,0.997,2000,2000,True,1,0.9995650498974608,meets
0.9545734337354154,trait G=5 m=20 share=0.1 balanced normal p=0.25,,0.003814446224552132,interval for the lineages in hand,0.97,2000,2000,True,1,0.9814629295154129,meets
0.9415089889644441,trait G=5 m=20 share=0.3 balanced normal p=0.25,,0.00443390347211123,interval for the lineages in hand,0.959,2000,2000,False,1,0.972631882017701,meets
0.9462187512608526,trait G=5 m=20 share=0.5 balanced normal p=0.25,,0.004220841148396847,interval for the lineages in hand,0.963,2000,2000,True,1,0.9758847603023189,meets
0.9687445744837525,trait G=5 m=20 share=0.7 balanced normal p=0.25,,0.003013117156700015,interval for the lineages in hand,0.9815,2000,2000,True,1,0.9901726440975619,meets
0.9725795030061468,trait G=300 m=3 share=0.0 balanced normal p=0.25,,0.0027622228367747558,interval for the lineages in hand,0.9845,2000,2000,True,1,0.9923031722243394,meets
0.9468104818981169,trait G=300 m=3 share=0.1 balanced normal p=0.25,,0.004193313129257102,interval for the lineages in hand,0.9635,2000,2000,True,1,0.9762883151440938,meets
0.9662267130076583,trait G=300 m=3 share=0.3 balanced normal p=0.25,,0.0031685761786644775,interval for the lineages in hand,0.9795,2000,2000,True,1,0.9887124661700077,meets
0.9909450601274264,trait G=300 m=3 share=0.5 balanced normal p=0.25,,0.001116635571706353,interval for the lineages in hand,0.9975,2000,2000,True,1,0.9997204047545168,meets
0.9959280538233503,trait G=300 m=3 share=0.7 balanced normal p=0.25,,0.0,interval for the lineages in hand,1.0,2000,2000,True,1,1.0,meets
0.9606517459724739,trait G=1000 m=3 share=0.0 balanced normal p=0.25,,0.003491060010942237,interval for the lineages in hand,0.975,2000,2000,True,1,0.9853346452882563,meets
0.9438586820311904,trait G=1000 m=3 share=0.1 balanced normal p=0.25,,0.004328914413568374,interval for the lineages in hand,0.961,2000,2000,False,1,0.9742635845837737,meets
0.9674821580753978,trait G=1000 m=3 share=0.3 balanced normal p=0.25,,0.003091904752737377,interval for the lineages in hand,0.9805,2000,2000,True,1,0.9894461314063441,meets
0.9947064280298489,trait G=1000 m=3 share=0.5 balanced normal p=0.25,,0.000499874984371065,interval for the lineages in hand,0.9995,2000,2000,True,1,0.9999998571224553,meets
0.9959280538233503,trait G=1000 m=3 share=0.7 balanced normal p=0.25,,0.0,interval for the lineages in hand,1.0,2000,2000,True,1,1.0,meets
0.979841218413078,call G=5 m=5 share=0.0 balanced normal p=0.25,,0.002227075373561541,interval for the lineages in hand,0.98998998998999,2000,1998,True,1,0.9959457877385961,meets
0.972552222039369,call G=5 m=5 share=0.1 balanced normal p=0.25,,0.0027649660366966104,interval for the lineages in hand,0.9844844844844844,2000,1998,True,1,0.9922954391616374,meets
0.955493754293151,call G=5 m=5 share=0.3 balanced normal p=0.25,,0.0037764462687523374,interval for the lineages in hand,0.9708102667337695,2000,1987,True,1,0.9821289621723652,meets
0.9520561546696392,call G=5 m=5 share=0.5 balanced normal p=0.25,,0.003964115337874358,interval for the lineages in hand,0.968020304568528,2000,1970,True,1,0.9799794935656285,meets
0.9528182642515224,call G=5 m=5 share=0.7 balanced normal p=0.25,,0.003960672587011773,interval for the lineages in hand,0.9688311688311688,2000,1925,True,1,0.9807364799331734,meets
0.9854962884096278,call G=5 m=20 share=0.0 balanced normal p=0.25,,0.0017268468374467964,interval for the lineages in hand,0.994,2000,2000,True,1,0.9982489667570679,meets
0.9631155712944537,call G=5 m=20 share=0.1 balanced normal p=0.25,,0.0033519397369284566,interval for the lineages in hand,0.977,2000,2000,True,1,0.9868501573284081,meets
0.9618810688018034,call G=5 m=20 share=0.3 balanced normal p=0.25,,0.0034222799417931915,interval for the lineages in hand,0.976,2000,2000,True,1,0.9860950481965636,meets
0.9456277189256409,call G=5 m=20 share=0.5 balanced normal p=0.25,,0.004248161366991606,interval for the lineages in hand,0.9625,2000,2000,True,1,0.9754804965377308,meets
0.9512326577244117,call G=5 m=20 share=0.7 balanced normal p=0.25,,0.003992560396200177,interval for the lineages in hand,0.9672708962739174,2000,1986,True,1,0.9793440030535847,meets
0.9474029244604217,call G=300 m=3 share=0.0 balanced normal p=0.25,,0.0041655731898503495,interval for the lineages in hand,0.964,2000,2000,True,1,0.9766911471010669,meets
0.9438586820311904,call G=300 m=3 share=0.1 balanced normal p=0.25,,0.004328914413568374,interval for the lineages in hand,0.961,2000,2000,False,1,0.9742635845837737,meets
0.9333572115321852,call G=300 m=3 share=0.3 balanced normal p=0.25,,0.004779958158812692,interval for the lineages in hand,0.952,2000,2000,False,1,0.966847805671857,meets
0.9474029244604217,call G=300 m=3 share=0.5 balanced normal p=0.25,,0.0041655731898503495,interval for the lineages in hand,0.964,2000,2000,True,1,0.9766911471010669,meets
0.9687445744837525,call G=300 m=3 share=0.7 balanced normal p=0.25,,0.003013117156700015,interval for the lineages in hand,0.9815,2000,2000,True,1,0.9901726440975619,meets
0.9545734337354154,call G=1000 m=3 share=0.0 balanced normal p=0.25,,0.003814446224552132,interval for the lineages in hand,0.97,2000,2000,True,1,0.9814629295154129,meets
0.9391689617728752,call G=1000 m=3 share=0.1 balanced normal p=0.25,,0.004536022486716751,interval for the lineages in hand,0.957,2000,2000,False,1,0.9709903794082806,meets
0.9356756849386625,call G=1000 m=3 share=0.3 balanced normal p=0.25,,0.0046842288586276416,interval for the lineages in hand,0.954,2000,2000,False,1,0.9685111401989001,meets
0.9479960930351563,call G=1000 m=3 share=0.5 balanced normal p=0.25,,0.0041376170678302255,interval for the lineages in hand,0.9645,2000,2000,True,1,0.9770932417313734,meets
0.9719348856361397,call G=1000 m=3 share=0.7 balanced normal p=0.25,,0.00280570846668003,interval for the lineages in hand,0.984,2000,2000,True,1,0.9919537068907874,meets
0.9545734337354154,trait G=10 m=20 share=0.1 balanced two_point p=0.25,,0.003814446224552132,interval for the lineages in hand,0.97,2000,2000,True,1,0.9814629295154129,meets
0.9551766180451084,trait G=10 m=20 share=0.3 balanced two_point p=0.25,,0.0037835003634200943,interval for the lineages in hand,0.9705,2000,2000,True,1,0.9818548378561179,meets
0.9833347234621331,trait G=10 m=20 share=0.5 balanced two_point p=0.25,,0.0019292161620720412,interval for the lineages in hand,0.9925,2000,2000,True,1,0.9974374369221599,meets
0.9901132394456481,trait G=10 m=20 share=0.7 balanced two_point p=0.25,,0.0012229063741758816,interval for the lineages in hand,0.997,2000,2000,True,1,0.9995650498974608,meets
0.9339360867370942,trait G=30 m=20 share=0.1 balanced two_point p=0.25,,0.00475624589355933,interval for the lineages in hand,0.9525,2000,2000,False,1,0.9672643915170726,meets
0.936256567060413,trait G=30 m=20 share=0.3 balanced two_point p=0.25,,0.004659922209651143,interval for the lineages in hand,0.9545,2000,2000,False,1,0.9689256944357321,meets
0.9719348856361397,trait G=30 m=20 share=0.5 balanced two_point p=0.25,,0.00280570846668003,interval for the lineages in hand,0.984,2000,2000,True,1,0.9919537068907874,meets
0.993662612412038,trait G=30 m=20 share=0.7 balanced two_point p=0.25,,0.0007067531393633852,interval for the lineages in hand,0.999,2000,2000,True,1,0.9999879484785229,meets
0.9270200266961579,trait G=100 m=20 share=0.1 balanced two_point p=0.25,,0.005031786462082825,interval for the lineages in hand,0.9465,2000,2000,False,1,0.9622345644766257,meets
0.9462187512608526,trait G=100 m=20 share=0.3 balanced two_point p=0.25,,0.004220841148396847,interval for the lineages in hand,0.963,2000,2000,True,1,0.9758847603023189,meets
0.9643555785712417,trait G=100 m=20 share=0.5 balanced two_point p=0.25,,0.0032799390238234627,interval for the lineages in hand,0.978,2000,2000,True,1,0.9875996361278656,meets
0.993662612412038,trait G=100 m=20 share=0.7 balanced two_point p=0.25,,0.0007067531393633852,interval for the lineages in hand,0.999,2000,2000,True,1,0.9999879484785229,meets
0.9415089889644441,call G=10 m=20 share=0.1 balanced two_point p=0.25,,0.00443390347211123,interval for the lineages in hand,0.959,2000,2000,False,1,0.972631882017701,meets
0.9403378082415564,call G=10 m=20 share=0.3 balanced two_point p=0.25,,0.00448530935387962,interval for the lineages in hand,0.958,2000,2000,False,1,0.9718123136801706,meets
0.9474029244604217,call G=10 m=20 share=0.5 balanced two_point p=0.25,,0.0041655731898503495,interval for the lineages in hand,0.964,2000,2000,True,1,0.9766911471010669,meets
0.9521698933924979,call G=10 m=20 share=0.7 balanced two_point p=0.25,,0.003935479640399632,interval for the lineages in hand,0.968,2000,2000,True,1,0.9798859335243069,meets
0.9387517262834915,call G=30 m=20 share=0.1 balanced two_point p=0.25,,0.0022423289232402998,interval for the lineages in hand,0.9469,10000,10000,False,1,0.9543049910298965,meets
0.933315876845783,call G=30 m=20 share=0.3 balanced two_point p=0.25,,0.0023412125063735677,interval for the lineages in hand,0.9418,10000,10000,False,1,0.9495495911304526,meets
0.9368379703140293,call G=30 m=20 share=0.5 balanced two_point p=0.25,,0.004635461142108735,interval for the lineages in hand,0.955,2000,2000,False,1,0.9693397209686221,meets
0.9316234580285959,call G=30 m=20 share=0.7 balanced two_point p=0.25,,0.004850244839180801,interval for the lineages in hand,0.9505,2000,2000,False,1,0.965595141770226,meets
0.9401404006652444,call G=100 m=20 share=0.1 balanced two_point p=0.25,,0.0022162301324546592,interval for the lineages in hand,0.9482,10000,10000,False,1,0.9555140787313198,meets
0.9334222875274093,call G=100 m=20 share=0.3 balanced two_point p=0.25,,0.002339324475142344,interval for the lineages in hand,0.9419,10000,10000,False,1,0.949643009270049,meets
0.9380023731794568,call G=100 m=20 share=0.5 balanced two_point p=0.25,,0.004586065852122058,interval for the lineages in hand,0.956,2000,2000,False,1,0.9701661572677736,meets
0.9310464748312725,call G=100 m=20 share=0.7 balanced two_point p=0.25,,0.004873397172404485,interval for the lineages in hand,0.95,2000,2000,False,1,0.9651766415281222,meets
0.9765023970055455,call G=30 m=20 share=0.1 balanced normal p=0.08,,0.0024843258642939696,interval for the lineages in hand,0.9875,2000,2000,True,1,0.9943429994400947,meets
0.9527694411013462,call G=30 m=20 share=0.3 balanced normal p=0.08,,0.0039056209493497944,interval for the lineages in hand,0.9685,2000,2000,True,1,0.9802815435488945,meets
0.9497801031576631,call G=30 m=20 share=0.5 balanced normal p=0.08,,0.004052406692324946,interval for the lineages in hand,0.966,2000,2000,True,1,0.9782949495417909,meets
0.9527694411013462,call G=30 m=20 share=0.7 balanced normal p=0.08,,0.0039056209493497944,interval for the lineages in hand,0.9685,2000,2000,True,1,0.9802815435488945,meets
0.9527694411013462,call G=100 m=20 share=0.1 balanced normal p=0.08,,0.0039056209493497944,interval for the lineages in hand,0.9685,2000,2000,True,1,0.9802815435488945,meets
0.9397530981023099,call G=100 m=20 share=0.3 balanced normal p=0.08,,0.004510751046111944,interval for the lineages in hand,0.9575,2000,2000,False,1,0.9714016373006723,meets
0.9368379703140293,call G=100 m=20 share=0.5 balanced normal p=0.08,,0.004635461142108735,interval for the lineages in hand,0.955,2000,2000,False,1,0.9693397209686221,meets
0.9527694411013462,call G=100 m=20 share=0.7 balanced normal p=0.08,,0.0039056209493497944,interval for the lineages in hand,0.9685,2000,2000,True,1,0.9802815435488945,meets
0.9415089889644441,trait G=30 m=10 share=0.1 pairs normal p=0.25,,0.00443390347211123,interval for the lineages in hand,0.959,2000,2000,False,1,0.972631882017701,meets
0.9515712041516916,trait G=30 m=10 share=0.3 pairs normal p=0.25,,0.00396508196636589,interval for the lineages in hand,0.9675,2000,2000,True,1,0.9794894501976074,meets
0.9833347234621331,trait G=30 m=10 share=0.5 pairs normal p=0.25,,0.0019292161620720412,interval for the lineages in hand,0.9925,2000,2000,True,1,0.9974374369221599,meets
0.9959280538233503,trait G=30 m=10 share=0.7 pairs normal p=0.25,,0.0,interval for the lineages in hand,1.0,2000,2000,True,1,1.0,meets
0.9298938712178944,trait G=100 m=10 share=0.1 pairs normal p=0.25,,0.004919298730510276,interval for the lineages in hand,0.949,2000,2000,False,1,0.9643382625652923,meets
0.9594273090877736,trait G=100 m=10 share=0.3 pairs normal p=0.25,,0.0035583704135460676,interval for the lineages in hand,0.974,2000,2000,True,1,0.9845692523432081,meets
0.980545455181317,trait G=100 m=10 share=0.5 pairs normal p=0.25,,0.0021690723823791537,interval for the lineages in hand,0.9905,2000,2000,True,1,0.9962583293532573,meets
0.9959280538233503,trait G=100 m=10 share=0.7 pairs normal p=0.25,,0.0,interval for the lineages in hand,1.0,2000,2000,True,1,1.0,meets
0.9491846670302467,call G=30 m=10 share=0.1 pairs normal p=0.25,,0.00408103847078167,interval for the lineages in hand,0.9655,2000,2000,True,1,0.9778951587027617,meets
0.9380023731794568,call G=30 m=10 share=0.3 pairs normal p=0.25,,0.004586065852122058,interval for the lineages in hand,0.956,2000,2000,False,1,0.9701661572677736,meets
0.9479960930351563,call G=30 m=10 share=0.5 pairs normal p=0.25,,0.0041376170678302255,interval for the lineages in hand,0.9645,2000,2000,True,1,0.9770932417313734,meets
0.956992051355683,call G=30 m=10 share=0.7 pairs normal p=0.25,,0.0036889022757454573,interval for the lineages in hand,0.972,2000,2000,True,1,0.9830245724180334,meets
0.9503763267643602,call G=100 m=10 share=0.1 pairs normal p=0.25,,0.004023540107914917,interval for the lineages in hand,0.9665,2000,2000,True,1,0.9786939399951036,meets
0.9345154524333842,call G=100 m=10 share=0.3 pairs normal p=0.25,,0.004732388403332932,interval for the lineages in hand,0.953,2000,2000,False,1,0.9676804809264191,meets
0.9474029244604217,call G=100 m=10 share=0.5 pairs normal p=0.25,,0.0041655731898503495,interval for the lineages in hand,0.964,2000,2000,True,1,0.9766911471010669,meets
0.9612657789709907,call G=100 m=10 share=0.7 pairs normal p=0.25,,0.0034568591235397466,interval for the lineages in hand,0.9755,2000,2000,True,1,0.985715488766007,meets
0.9725795030061468,trait G=5 m=2 share=0.1 balanced normal p=0.25,,0.0027622228367747558,interval for the lineages in hand,0.9845,2000,2000,True,1,0.9923031722243394,meets
0.9785061257965405,trait G=5 m=2 share=0.3 balanced normal p=0.25,,0.0023322735688593665,interval for the lineages in hand,0.989,2000,2000,True,1,0.9953191526845881,meets
0.9847678028941557,trait G=5 m=2 share=0.5 balanced normal p=0.25,,0.0017969070649312877,interval for the lineages in hand,0.9935,2000,2000,True,1,0.9979867983026248,meets
0.9909450601274264,trait G=5 m=2 share=0.7 balanced normal p=0.25,,0.001116635571706353,interval for the lineages in hand,0.9975,2000,2000,True,1,0.9997204047545168,meets
0.9515712041516916,trait G=10 m=2 share=0.1 balanced normal p=0.25,,0.00396508196636589,interval for the lineages in hand,0.9675,2000,2000,True,1,0.9794894501976074,meets
0.9778345915527112,trait G=10 m=2 share=0.3 balanced normal p=0.25,,0.0023840878758971907,interval for the lineages in hand,0.9885,2000,2000,True,1,0.9949975278630223,meets
0.9901132394456481,trait G=10 m=2 share=0.5 balanced normal p=0.25,,0.0012229063741758816,interval for the lineages in hand,0.997,2000,2000,True,1,0.9995650498974608,meets
0.993662612412038,trait G=10 m=2 share=0.7 balanced normal p=0.25,,0.0007067531393633852,interval for the lineages in hand,0.999,2000,2000,True,1,0.9999879484785229,meets
0.9551766180451084,trait G=30 m=2 share=0.1 balanced normal p=0.25,,0.0037835003634200943,interval for the lineages in hand,0.9705,2000,2000,True,1,0.9818548378561179,meets
0.9745283344776426,trait G=30 m=2 share=0.3 balanced normal p=0.25,,0.0026271657732240663,interval for the lineages in hand,0.986,2000,2000,True,1,0.9933361196576688,meets
0.9918063977941753,trait G=30 m=2 share=0.5 balanced normal p=0.25,,0.0009989994994993746,interval for the lineages in hand,0.998,2000,2000,True,1,0.9998469886666723,meets
0.9959280538233503,trait G=30 m=2 share=0.7 balanced normal p=0.25,,0.0,interval for the lineages in hand,1.0,2000,2000,True,1,1.0,meets
0.9509733546284556,trait G=100 m=2 share=0.1 balanced normal p=0.25,,0.003994433626936366,interval for the lineages in hand,0.967,2000,2000,True,1,0.979092112837407,meets
0.9751833573925023,trait G=100 m=2 share=0.3 balanced normal p=0.25,,0.0025804796065847873,interval for the lineages in hand,0.9865,2000,2000,True,1,0.9936748466954137,meets
0.9947064280298489,trait G=100 m=2 share=0.5 balanced normal p=0.25,,0.000499874984371065,interval for the lineages in hand,0.9995,2000,2000,True,1,0.9999998571224553,meets
0.9959280538233503,trait G=100 m=2 share=0.7 balanced normal p=0.25,,0.0,interval for the lineages in hand,1.0,2000,2000,True,1,1.0,meets
0.9551766180451084,call G=30 m=2 share=0.1 balanced normal p=0.25,,0.0037835003634200943,interval for the lineages in hand,0.9705,2000,2000,True,1,0.9818548378561179,meets
0.956992051355683,call G=30 m=2 share=0.3 balanced normal p=0.25,,0.0036889022757454573,interval for the lineages in hand,0.972,2000,2000,True,1,0.9830245724180334,meets
0.9674821580753978,call G=30 m=2 share=0.5 balanced normal p=0.25,,0.003091904752737377,interval for the lineages in hand,0.9805,2000,2000,True,1,0.9894461314063441,meets
0.9778345915527112,call G=30 m=2 share=0.7 balanced normal p=0.25,,0.0023840878758971907,interval for the lineages in hand,0.9885,2000,2000,True,1,0.9949975278630223,meets
0.9432703152446131,call G=100 m=2 share=0.1 balanced normal p=0.25,,0.004355441998236229,interval for the lineages in hand,0.9605,2000,2000,False,1,0.9738566158969565,meets
0.9474029244604217,call G=100 m=2 share=0.3 balanced normal p=0.25,,0.0041655731898503495,interval for the lineages in hand,0.964,2000,2000,True,1,0.9766911471010669,meets
0.9656014520828672,call G=100 m=2 share=0.5 balanced normal p=0.25,,0.00320616593457045,interval for the lineages in hand,0.979,2000,2000,True,1,0.9883431100274724,meets
0.9826286444799527,call G=100 m=2 share=0.7 balanced normal p=0.25,,0.001991983935678198,interval for the lineages in hand,0.992,2000,2000,True,1,0.9971518105259348,meets
0.05788040345605582,trait G=10 m=5 share=0.0 balanced normal p=0.25,,0.004561126505590478,level of the test,0.0435,2000,,False,1,,meets
0.07475208684592864,trait G=10 m=20 share=0.0 balanced normal p=0.25,,0.0052477495176503994,level of the test,0.0585,2000,,False,1,,meets
0.06354167641467738,trait G=30 m=5 share=0.0 balanced normal p=0.25,,0.004803527349771208,level of the test,0.0485,2000,,False,1,,meets
0.06184765948296484,trait G=30 m=20 share=0.0 balanced normal p=0.25,,0.00473238840333293,level of the test,0.047,2000,,False,1,,meets
0.06748100205091596,trait G=100 m=5 share=0.0 balanced normal p=0.25,,0.004964675215963275,level of the test,0.052,2000,,False,1,,meets
0.07307894315771311,trait G=100 m=20 share=0.0 balanced normal p=0.25,,0.00518415856238985,level of the test,0.057,2000,,False,1,,meets
0.049876193107957864,call G=10 m=5 share=0.0 balanced normal p=0.25,,0.004193313129257103,level of the test,0.0365,2000,,True,1,,meets
0.053890855660699725,call G=10 m=20 share=0.0 balanced normal p=0.25,,0.004381780460041329,level of the test,0.04,2000,,True,1,,meets
0.051025991649628705,call G=30 m=5 share=0.0 balanced normal p=0.25,,0.004248161366991607,level of the test,0.0375,2000,,True,1,,meets
0.05274651063061011,call G=30 m=20 share=0.0 balanced normal p=0.25,,0.004328914413568372,level of the test,0.039,2000,,True,1,,meets
0.0629774012202537,call G=100 m=5 share=0.0 balanced normal p=0.25,,0.0047799581588126895,level of the test,0.048,2000,,False,1,,meets
0.07140300457242656,call G=100 m=20 share=0.0 balanced normal p=0.25,,0.005119558086397693,level of the test,0.0555,2000,,False,1,,meets
0.05788040345605582,trait G=5 m=5 share=0.0 balanced normal p=0.25,,0.004561126505590478,level of the test,0.0435,2000,,False,1,,meets
0.06804231075182801,trait G=5 m=20 share=0.0 balanced normal p=0.25,,0.004987171041783107,level of the test,0.0525,2000,,False,1,,meets
0.059583240580697555,trait G=300 m=3 share=0.0 balanced normal p=0.25,,0.004635461142108733,level of the test,0.045,2000,,False,1,,meets
0.07753471630138076,trait G=1000 m=3 share=0.0 balanced normal p=0.25,,0.005351588549206675,level of the test,0.061,2000,,False,1,,fails
0.04292491793278945,call G=5 m=5 share=0.0 balanced normal p=0.25,,0.0038451105315712316,level of the test,0.0305,2000,,True,1,,meets
0.05045137805804337,call G=5 m=20 share=0.0 balanced normal p=0.25,,0.0042208411483968455,level of the test,0.037,2000,,True,1,,meets
0.06354167641467738,call G=300 m=3 share=0.0 balanced normal p=0.25,,0.004803527349771208,level of the test,0.0485,2000,,False,1,,meets
0.05617347820024002,call G=1000 m=3 share=0.0 balanced normal p=0.25,,0.004485309353879618,level of the test,0.042,2000,,False,1,,meets
,call G=10 m=5 share=0.0 balanced normal p=0.25,0,,theorem 1,,2000,,,1,,holds
,call G=10 m=5 share=0.1 balanced normal p=0.25,0,,theorem 1,,2000,,,1,,holds
,call G=10 m=5 share=0.3 balanced normal p=0.25,0,,theorem 1,,2000,,,1,,holds
,call G=10 m=5 share=0.5 balanced normal p=0.25,0,,theorem 1,,2000,,,1,,holds
,call G=10 m=5 share=0.7 balanced normal p=0.25,0,,theorem 1,,2000,,,1,,holds
,call G=10 m=20 share=0.0 balanced normal p=0.25,0,,theorem 1,,2000,,,1,,holds
,call G=10 m=20 share=0.1 balanced normal p=0.25,0,,theorem 1,,2000,,,1,,holds
,call G=10 m=20 share=0.3 balanced normal p=0.25,0,,theorem 1,,2000,,,1,,holds
,call G=10 m=20 share=0.5 balanced normal p=0.25,0,,theorem 1,,2000,,,1,,holds
,call G=10 m=20 share=0.7 balanced normal p=0.25,0,,theorem 1,,2000,,,1,,holds
,call G=30 m=5 share=0.0 balanced normal p=0.25,0,,theorem 1,,2000,,,1,,holds
,call G=30 m=5 share=0.1 balanced normal p=0.25,0,,theorem 1,,2000,,,1,,holds
,call G=30 m=5 share=0.3 balanced normal p=0.25,0,,theorem 1,,2000,,,1,,holds
,call G=30 m=5 share=0.5 balanced normal p=0.25,0,,theorem 1,,2000,,,1,,holds
,call G=30 m=5 share=0.7 balanced normal p=0.25,0,,theorem 1,,2000,,,1,,holds
,call G=30 m=20 share=0.0 balanced normal p=0.25,0,,theorem 1,,2000,,,1,,holds
,call G=30 m=20 share=0.1 balanced normal p=0.25,0,,theorem 1,,2000,,,1,,holds
,call G=30 m=20 share=0.3 balanced normal p=0.25,0,,theorem 1,,2000,,,1,,holds
,call G=30 m=20 share=0.5 balanced normal p=0.25,0,,theorem 1,,2000,,,1,,holds
,call G=30 m=20 share=0.7 balanced normal p=0.25,0,,theorem 1,,2000,,,1,,holds
,call G=100 m=5 share=0.0 balanced normal p=0.25,0,,theorem 1,,2000,,,1,,holds
,call G=100 m=5 share=0.1 balanced normal p=0.25,0,,theorem 1,,2000,,,1,,holds
,call G=100 m=5 share=0.3 balanced normal p=0.25,0,,theorem 1,,2000,,,1,,holds
,call G=100 m=5 share=0.5 balanced normal p=0.25,0,,theorem 1,,2000,,,1,,holds
,call G=100 m=5 share=0.7 balanced normal p=0.25,0,,theorem 1,,2000,,,1,,holds
,call G=100 m=20 share=0.0 balanced normal p=0.25,0,,theorem 1,,2000,,,1,,holds
,call G=100 m=20 share=0.1 balanced normal p=0.25,0,,theorem 1,,2000,,,1,,holds
,call G=100 m=20 share=0.3 balanced normal p=0.25,0,,theorem 1,,2000,,,1,,holds
,call G=100 m=20 share=0.5 balanced normal p=0.25,0,,theorem 1,,2000,,,1,,holds
,call G=100 m=20 share=0.7 balanced normal p=0.25,0,,theorem 1,,2000,,,1,,holds
,call G=5 m=5 share=0.0 balanced normal p=0.25,0,,theorem 1,,2000,,,1,,holds
,call G=5 m=5 share=0.1 balanced normal p=0.25,0,,theorem 1,,2000,,,1,,holds
,call G=5 m=5 share=0.3 balanced normal p=0.25,0,,theorem 1,,2000,,,1,,holds
,call G=5 m=5 share=0.5 balanced normal p=0.25,0,,theorem 1,,2000,,,1,,holds
,call G=5 m=5 share=0.7 balanced normal p=0.25,0,,theorem 1,,2000,,,1,,holds
,call G=5 m=20 share=0.0 balanced normal p=0.25,0,,theorem 1,,2000,,,1,,holds
,call G=5 m=20 share=0.1 balanced normal p=0.25,0,,theorem 1,,2000,,,1,,holds
,call G=5 m=20 share=0.3 balanced normal p=0.25,0,,theorem 1,,2000,,,1,,holds
,call G=5 m=20 share=0.5 balanced normal p=0.25,0,,theorem 1,,2000,,,1,,holds
,call G=5 m=20 share=0.7 balanced normal p=0.25,0,,theorem 1,,2000,,,1,,holds
,call G=300 m=3 share=0.0 balanced normal p=0.25,0,,theorem 1,,2000,,,1,,holds
,call G=300 m=3 share=0.1 balanced normal p=0.25,0,,theorem 1,,2000,,,1,,holds
,call G=300 m=3 share=0.3 balanced normal p=0.25,0,,theorem 1,,2000,,,1,,holds
,call G=300 m=3 share=0.5 balanced normal p=0.25,0,,theorem 1,,2000,,,1,,holds
,call G=300 m=3 share=0.7 balanced normal p=0.25,0,,theorem 1,,2000,,,1,,holds
,call G=1000 m=3 share=0.0 balanced normal p=0.25,0,,theorem 1,,2000,,,1,,holds
,call G=1000 m=3 share=0.1 balanced normal p=0.25,0,,theorem 1,,2000,,,1,,holds
,call G=1000 m=3 share=0.3 balanced normal p=0.25,0,,theorem 1,,2000,,,1,,holds
,call G=1000 m=3 share=0.5 balanced normal p=0.25,0,,theorem 1,,2000,,,1,,holds
,call G=1000 m=3 share=0.7 balanced normal p=0.25,0,,theorem 1,,2000,,,1,,holds
,call G=10 m=20 share=0.1 balanced two_point p=0.25,0,,theorem 1,,2000,,,1,,holds
,call G=10 m=20 share=0.3 balanced two_point p=0.25,0,,theorem 1,,2000,,,1,,holds
,call G=10 m=20 share=0.5 balanced two_point p=0.25,0,,theorem 1,,2000,,,1,,holds
,call G=10 m=20 share=0.7 balanced two_point p=0.25,0,,theorem 1,,2000,,,1,,holds
,call G=30 m=20 share=0.1 balanced two_point p=0.25,0,,theorem 1,,2000,,,1,,holds
,call G=30 m=20 share=0.3 balanced two_point p=0.25,0,,theorem 1,,2000,,,1,,holds
,call G=30 m=20 share=0.5 balanced two_point p=0.25,0,,theorem 1,,2000,,,1,,holds
,call G=30 m=20 share=0.7 balanced two_point p=0.25,0,,theorem 1,,2000,,,1,,holds
,call G=100 m=20 share=0.1 balanced two_point p=0.25,0,,theorem 1,,2000,,,1,,holds
,call G=100 m=20 share=0.3 balanced two_point p=0.25,0,,theorem 1,,2000,,,1,,holds
,call G=100 m=20 share=0.5 balanced two_point p=0.25,0,,theorem 1,,2000,,,1,,holds
,call G=100 m=20 share=0.7 balanced two_point p=0.25,0,,theorem 1,,2000,,,1,,holds
,call G=30 m=20 share=0.1 balanced normal p=0.08,0,,theorem 1,,2000,,,1,,holds
,call G=30 m=20 share=0.3 balanced normal p=0.08,0,,theorem 1,,2000,,,1,,holds
,call G=30 m=20 share=0.5 balanced normal p=0.08,0,,theorem 1,,2000,,,1,,holds
,call G=30 m=20 share=0.7 balanced normal p=0.08,0,,theorem 1,,2000,,,1,,holds
,call G=100 m=20 share=0.1 balanced normal p=0.08,0,,theorem 1,,2000,,,1,,holds
,call G=100 m=20 share=0.3 balanced normal p=0.08,0,,theorem 1,,2000,,,1,,holds
,call G=100 m=20 share=0.5 balanced normal p=0.08,0,,theorem 1,,2000,,,1,,holds
,call G=100 m=20 share=0.7 balanced normal p=0.08,0,,theorem 1,,2000,,,1,,holds
,call G=30 m=10 share=0.1 pairs normal p=0.25,0,,theorem 1,,2000,,,1,,holds
,call G=30 m=10 share=0.3 pairs normal p=0.25,0,,theorem 1,,2000,,,1,,holds
,call G=30 m=10 share=0.5 pairs normal p=0.25,0,,theorem 1,,2000,,,1,,holds
,call G=30 m=10 share=0.7 pairs normal p=0.25,0,,theorem 1,,2000,,,1,,holds
,call G=100 m=10 share=0.1 pairs normal p=0.25,0,,theorem 1,,2000,,,1,,holds
,call G=100 m=10 share=0.3 pairs normal p=0.25,0,,theorem 1,,2000,,,1,,holds
,call G=100 m=10 share=0.5 pairs normal p=0.25,0,,theorem 1,,2000,,,1,,holds
,call G=100 m=10 share=0.7 pairs normal p=0.25,0,,theorem 1,,2000,,,1,,holds
,call G=30 m=2 share=0.1 balanced normal p=0.25,0,,theorem 1,,2000,,,1,,holds
,call G=30 m=2 share=0.3 balanced normal p=0.25,0,,theorem 1,,2000,,,1,,holds
,call G=30 m=2 share=0.5 balanced normal p=0.25,0,,theorem 1,,2000,,,1,,holds
,call G=30 m=2 share=0.7 balanced normal p=0.25,0,,theorem 1,,2000,,,1,,holds
,call G=100 m=2 share=0.1 balanced normal p=0.25,0,,theorem 1,,2000,,,1,,holds
,call G=100 m=2 share=0.3 balanced normal p=0.25,0,,theorem 1,,2000,,,1,,holds
,call G=100 m=2 share=0.5 balanced normal p=0.25,0,,theorem 1,,2000,,,1,,holds
,call G=100 m=2 share=0.7 balanced normal p=0.25,0,,theorem 1,,2000,,,1,,holds
0.003718110430914196,call G=10 m=5 share=0.0 balanced normal p=0.25,,0.0,lower limit above rho,0.0,2000,,True,1,,meets
0.003718110430914196,call G=10 m=5 share=0.1 balanced normal p=0.25,,0.0,lower limit above rho,0.0,2000,,True,1,,meets
0.003718110430914196,call G=10 m=5 share=0.3 balanced normal p=0.25,,0.0,lower limit above rho,0.0,2000,,True,1,,meets
0.003718110430914196,call G=10 m=5 share=0.5 balanced normal p=0.25,,0.0,lower limit above rho,0.0,2000,,True,1,,meets
0.003718110430914196,call G=10 m=5 share=0.7 balanced normal p=0.25,,0.0,lower limit above rho,0.0,2000,,True,1,,meets
0.003718110430914196,call G=10 m=20 share=0.0 balanced normal p=0.25,,0.0,lower limit above rho,0.0,2000,,True,1,,meets
0.003718110430914196,call G=10 m=20 share=0.1 balanced normal p=0.25,,0.0,lower limit above rho,0.0,2000,,True,1,,meets
0.003718110430914196,call G=10 m=20 share=0.3 balanced normal p=0.25,,0.0,lower limit above rho,0.0,2000,,True,1,,meets
0.003718110430914196,call G=10 m=20 share=0.5 balanced normal p=0.25,,0.0,lower limit above rho,0.0,2000,,True,1,,meets
0.003718110430914196,call G=10 m=20 share=0.7 balanced normal p=0.25,,0.0,lower limit above rho,0.0,2000,,True,1,,meets
0.003718110430914196,call G=30 m=5 share=0.0 balanced normal p=0.25,,0.0,lower limit above rho,0.0,2000,,True,1,,meets
0.003718110430914196,call G=30 m=5 share=0.1 balanced normal p=0.25,,0.0,lower limit above rho,0.0,2000,,True,1,,meets
0.003718110430914196,call G=30 m=5 share=0.3 balanced normal p=0.25,,0.0,lower limit above rho,0.0,2000,,True,1,,meets
0.003718110430914196,call G=30 m=5 share=0.5 balanced normal p=0.25,,0.0,lower limit above rho,0.0,2000,,True,1,,meets
0.003718110430914196,call G=30 m=5 share=0.7 balanced normal p=0.25,,0.0,lower limit above rho,0.0,2000,,True,1,,meets
0.003718110430914196,call G=30 m=20 share=0.0 balanced normal p=0.25,,0.0,lower limit above rho,0.0,2000,,True,1,,meets
0.003718110430914196,call G=30 m=20 share=0.1 balanced normal p=0.25,,0.0,lower limit above rho,0.0,2000,,True,1,,meets
0.003718110430914196,call G=30 m=20 share=0.3 balanced normal p=0.25,,0.0,lower limit above rho,0.0,2000,,True,1,,meets
0.003718110430914196,call G=30 m=20 share=0.5 balanced normal p=0.25,,0.0,lower limit above rho,0.0,2000,,True,1,,meets
0.003718110430914196,call G=30 m=20 share=0.7 balanced normal p=0.25,,0.0,lower limit above rho,0.0,2000,,True,1,,meets
0.003718110430914196,call G=100 m=5 share=0.0 balanced normal p=0.25,,0.0,lower limit above rho,0.0,2000,,True,1,,meets
0.003718110430914196,call G=100 m=5 share=0.1 balanced normal p=0.25,,0.0,lower limit above rho,0.0,2000,,True,1,,meets
0.003718110430914196,call G=100 m=5 share=0.3 balanced normal p=0.25,,0.0,lower limit above rho,0.0,2000,,True,1,,meets
0.003718110430914196,call G=100 m=5 share=0.5 balanced normal p=0.25,,0.0,lower limit above rho,0.0,2000,,True,1,,meets
0.003718110430914196,call G=100 m=5 share=0.7 balanced normal p=0.25,,0.0,lower limit above rho,0.0,2000,,True,1,,meets
0.003718110430914196,call G=100 m=20 share=0.0 balanced normal p=0.25,,0.0,lower limit above rho,0.0,2000,,True,1,,meets
0.003718110430914196,call G=100 m=20 share=0.1 balanced normal p=0.25,,0.0,lower limit above rho,0.0,2000,,True,1,,meets
0.003718110430914196,call G=100 m=20 share=0.3 balanced normal p=0.25,,0.0,lower limit above rho,0.0,2000,,True,1,,meets
0.003718110430914196,call G=100 m=20 share=0.5 balanced normal p=0.25,,0.0,lower limit above rho,0.0,2000,,True,1,,meets
0.003718110430914196,call G=100 m=20 share=0.7 balanced normal p=0.25,,0.0,lower limit above rho,0.0,2000,,True,1,,meets
0.004905480537928194,call G=5 m=5 share=0.0 balanced normal p=0.25,,0.0004998749843710925,lower limit above rho,0.0005,2000,,True,1,,meets
0.003718110430914196,call G=5 m=5 share=0.1 balanced normal p=0.25,,0.0,lower limit above rho,0.0,2000,,True,1,,meets
0.003718110430914196,call G=5 m=5 share=0.3 balanced normal p=0.25,,0.0,lower limit above rho,0.0,2000,,True,1,,meets
0.003718110430914196,call G=5 m=5 share=0.5 balanced normal p=0.25,,0.0,lower limit above rho,0.0,2000,,True,1,,meets
0.003718110430914196,call G=5 m=5 share=0.7 balanced normal p=0.25,,0.0,lower limit above rho,0.0,2000,,True,1,,meets
0.003718110430914196,call G=5 m=20 share=0.0 balanced normal p=0.25,,0.0,lower limit above rho,0.0,2000,,True,1,,meets
0.003718110430914196,call G=5 m=20 share=0.1 balanced normal p=0.25,,0.0,lower limit above rho,0.0,2000,,True,1,,meets
0.003718110430914196,call G=5 m=20 share=0.3 balanced normal p=0.25,,0.0,lower limit above rho,0.0,2000,,True,1,,meets
0.003718110430914196,call G=5 m=20 share=0.5 balanced normal p=0.25,,0.0,lower limit above rho,0.0,2000,,True,1,,meets
0.003718110430914196,call G=5 m=20 share=0.7 balanced normal p=0.25,,0.0,lower limit above rho,0.0,2000,,True,1,,meets
0.003718110430914196,call G=300 m=3 share=0.0 balanced normal p=0.25,,0.0,lower limit above rho,0.0,2000,,True,1,,meets
0.003718110430914196,call G=300 m=3 share=0.1 balanced normal p=0.25,,0.0,lower limit above rho,0.0,2000,,True,1,,meets
0.003718110430914196,call G=300 m=3 share=0.3 balanced normal p=0.25,,0.0,lower limit above rho,0.0,2000,,True,1,,meets
0.003718110430914196,call G=300 m=3 share=0.5 balanced normal p=0.25,,0.0,lower limit above rho,0.0,2000,,True,1,,meets
0.003718110430914196,call G=300 m=3 share=0.7 balanced normal p=0.25,,0.0,lower limit above rho,0.0,2000,,True,1,,meets
0.003718110430914196,call G=1000 m=3 share=0.0 balanced normal p=0.25,,0.0,lower limit above rho,0.0,2000,,True,1,,meets
0.003718110430914196,call G=1000 m=3 share=0.1 balanced normal p=0.25,,0.0,lower limit above rho,0.0,2000,,True,1,,meets
0.003718110430914196,call G=1000 m=3 share=0.3 balanced normal p=0.25,,0.0,lower limit above rho,0.0,2000,,True,1,,meets
0.003718110430914196,call G=1000 m=3 share=0.5 balanced normal p=0.25,,0.0,lower limit above rho,0.0,2000,,True,1,,meets
0.003718110430914196,call G=1000 m=3 share=0.7 balanced normal p=0.25,,0.0,lower limit above rho,0.0,2000,,True,1,,meets
0.003718110430914196,call G=10 m=20 share=0.1 balanced two_point p=0.25,,0.0,lower limit above rho,0.0,2000,,True,1,,meets
0.003718110430914196,call G=10 m=20 share=0.3 balanced two_point p=0.25,,0.0,lower limit above rho,0.0,2000,,True,1,,meets
0.003718110430914196,call G=10 m=20 share=0.5 balanced two_point p=0.25,,0.0,lower limit above rho,0.0,2000,,True,1,,meets
0.003718110430914196,call G=10 m=20 share=0.7 balanced two_point p=0.25,,0.0,lower limit above rho,0.0,2000,,True,1,,meets
0.003718110430914196,call G=30 m=20 share=0.1 balanced two_point p=0.25,,0.0,lower limit above rho,0.0,2000,,True,1,,meets
0.003718110430914196,call G=30 m=20 share=0.3 balanced two_point p=0.25,,0.0,lower limit above rho,0.0,2000,,True,1,,meets
0.003718110430914196,call G=30 m=20 share=0.5 balanced two_point p=0.25,,0.0,lower limit above rho,0.0,2000,,True,1,,meets
0.003718110430914196,call G=30 m=20 share=0.7 balanced two_point p=0.25,,0.0,lower limit above rho,0.0,2000,,True,1,,meets
0.003718110430914196,call G=100 m=20 share=0.1 balanced two_point p=0.25,,0.0,lower limit above rho,0.0,2000,,True,1,,meets
0.003718110430914196,call G=100 m=20 share=0.3 balanced two_point p=0.25,,0.0,lower limit above rho,0.0,2000,,True,1,,meets
0.003718110430914196,call G=100 m=20 share=0.5 balanced two_point p=0.25,,0.0,lower limit above rho,0.0,2000,,True,1,,meets
0.003718110430914196,call G=100 m=20 share=0.7 balanced two_point p=0.25,,0.0,lower limit above rho,0.0,2000,,True,1,,meets
0.003718110430914196,call G=30 m=20 share=0.1 balanced normal p=0.08,,0.0,lower limit above rho,0.0,2000,,True,1,,meets
0.003718110430914196,call G=30 m=20 share=0.3 balanced normal p=0.08,,0.0,lower limit above rho,0.0,2000,,True,1,,meets
0.003718110430914196,call G=30 m=20 share=0.5 balanced normal p=0.08,,0.0,lower limit above rho,0.0,2000,,True,1,,meets
0.003718110430914196,call G=30 m=20 share=0.7 balanced normal p=0.08,,0.0,lower limit above rho,0.0,2000,,True,1,,meets
0.003718110430914196,call G=100 m=20 share=0.1 balanced normal p=0.08,,0.0,lower limit above rho,0.0,2000,,True,1,,meets
0.003718110430914196,call G=100 m=20 share=0.3 balanced normal p=0.08,,0.0,lower limit above rho,0.0,2000,,True,1,,meets
0.003718110430914196,call G=100 m=20 share=0.5 balanced normal p=0.08,,0.0,lower limit above rho,0.0,2000,,True,1,,meets
0.003718110430914196,call G=100 m=20 share=0.7 balanced normal p=0.08,,0.0,lower limit above rho,0.0,2000,,True,1,,meets
0.003718110430914196,call G=30 m=10 share=0.1 pairs normal p=0.25,,0.0,lower limit above rho,0.0,2000,,True,1,,meets
0.003718110430914196,call G=30 m=10 share=0.3 pairs normal p=0.25,,0.0,lower limit above rho,0.0,2000,,True,1,,meets
0.003718110430914196,call G=30 m=10 share=0.5 pairs normal p=0.25,,0.0,lower limit above rho,0.0,2000,,True,1,,meets
0.003718110430914196,call G=30 m=10 share=0.7 pairs normal p=0.25,,0.0,lower limit above rho,0.0,2000,,True,1,,meets
0.003718110430914196,call G=100 m=10 share=0.1 pairs normal p=0.25,,0.0,lower limit above rho,0.0,2000,,True,1,,meets
0.003718110430914196,call G=100 m=10 share=0.3 pairs normal p=0.25,,0.0,lower limit above rho,0.0,2000,,True,1,,meets
0.003718110430914196,call G=100 m=10 share=0.5 pairs normal p=0.25,,0.0,lower limit above rho,0.0,2000,,True,1,,meets
0.003718110430914196,call G=100 m=10 share=0.7 pairs normal p=0.25,,0.0,lower limit above rho,0.0,2000,,True,1,,meets
0.003718110430914196,call G=30 m=2 share=0.1 balanced normal p=0.25,,0.0,lower limit above rho,0.0,2000,,True,1,,meets
0.003718110430914196,call G=30 m=2 share=0.3 balanced normal p=0.25,,0.0,lower limit above rho,0.0,2000,,True,1,,meets
0.003718110430914196,call G=30 m=2 share=0.5 balanced normal p=0.25,,0.0,lower limit above rho,0.0,2000,,True,1,,meets
0.003718110430914196,call G=30 m=2 share=0.7 balanced normal p=0.25,,0.0,lower limit above rho,0.0,2000,,True,1,,meets
0.003718110430914196,call G=100 m=2 share=0.1 balanced normal p=0.25,,0.0,lower limit above rho,0.0,2000,,True,1,,meets
0.003718110430914196,call G=100 m=2 share=0.3 balanced normal p=0.25,,0.0,lower limit above rho,0.0,2000,,True,1,,meets
0.003718110430914196,call G=100 m=2 share=0.5 balanced normal p=0.25,,0.0,lower limit above rho,0.0,2000,,True,1,,meets
0.003718110430914196,call G=100 m=2 share=0.7 balanced normal p=0.25,,0.0,lower limit above rho,0.0,2000,,True,1,,meets
0.9976668825940201,all_pairs_10,,0.0003463062228721987,interval for the lineages in hand,0.9994,5000,5000,True,2,0.9999441861557246,meets
0.9988348901446314,all_pairs_30,,0.0,interval for the lineages in hand,1.0,5000,5000,True,2,1.0,meets
0.9871344132618416,clone,,0.0013058361306075162,interval for the lineages in hand,0.9914,5000,5000,True,2,0.9945677075043794,meets
0.9793835045978956,contaminated,,0.0017302577842622175,interval for the lineages in hand,0.9848,5000,5000,True,2,0.9891422371232634,meets
0.9732271745701441,few,,0.0020087628033194937,interval for the lineages in hand,0.9794,5000,5000,True,2,0.9845143825495534,meets
0.9454549356228639,gauss_0.1,,0.002956428926931948,interval for the lineages in hand,0.9542,5000,5000,True,2,0.9619496936596633,meets
0.9739055714277971,gauss_0.5,,0.001979898987322334,interval for the lineages in hand,0.98,5000,5000,True,2,0.9850343093369118,meets
0.9988348901446314,gauss_0.9,,0.0,interval for the lineages in hand,1.0,5000,5000,True,2,1.0,meets
0.959862033314134,heavy_censoring,,0.0025114633184659483,interval for the lineages in hand,0.9674,5000,5000,True,2,0.9739107683146397,meets
0.98569803036131,informative,,0.0013931231101377963,interval for the lineages in hand,0.9902,5000,5000,True,2,0.9936090291708952,meets
0.9864142678066109,pairs_0.5,,0.0013502118352317896,interval for the lineages in hand,0.9908,5000,5000,True,2,0.9940903762063524,meets
0.9988348901446314,pairs_0.9,,0.0,interval for the lineages in hand,1.0,5000,5000,True,2,1.0,meets
0.9561279915712136,singleton_rich,,0.002634539808012019,interval for the lineages in hand,0.964,5000,5000,True,2,0.9708531724119713,meets
0.9739055714277971,t4,,0.001979898987322334,interval for the lineages in hand,0.98,5000,5000,True,2,0.9850343093369118,meets
0.9720991683891542,two_component,,0.0020558910476968354,interval for the lineages in hand,0.9784,5000,5000,True,2,0.9836451486848086,meets
0.9678396519224761,two_labs,,0.002225077077316648,interval for the lineages in hand,0.9746,5000,5000,True,2,0.9803148340832541,meets
0.942641861317793,wt_nwt,,0.0030350433275325743,interval for the lineages in hand,0.9516,5000,5000,False,2,0.9595688780447308,meets
0.05365384204285558,null,,0.0015389115877788432,level of the test within laboratories,0.04985,20000,,True,2,,meets
0.0518941084223109,null_lab_few_100,,0.0015137961801378677,level of the test within laboratories,0.04815,20000,,True,2,,meets
0.053860790501193946,null_lab_offset_100,,0.0015418332837891392,level of the test within laboratories,0.05005,20000,,True,2,,meets
0.05468842219462079,null_lab_offset_85,,0.0015534522441967762,level of the test within laboratories,0.05085,20000,,True,2,,meets
0.05251532985848034,null_lab_panel_100,,0.0015227185803686773,level of the test within laboratories,0.04875,20000,,True,2,,meets
0.0522047383510103,null_lab_spread_85,,0.0015182654165197863,level of the test within laboratories,0.04845,20000,,True,2,,meets
0.8027428867856936,null_lab_few_100,,0.0028486415841590183,level of the test ignoring the laboratory,0.79615,20000,,False,2,,reported: fails
0.999761406499826,null_lab_offset_100,,0.00016578562965469148,level of the test ignoring the laboratory,0.99945,20000,,False,2,,reported: fails
0.9489289355793553,null_lab_offset_85,,0.0016086086767763,level of the test ignoring the laboratory,0.94525,20000,,False,2,,reported: fails
1.0,null_lab_panel_100,,0.0,level of the test ignoring the laboratory,1.0,20000,,False,2,,reported: fails
0.07004131039022819,null_lab_spread_85,,0.0017537642016531186,level of the test ignoring the laboratory,0.06585,20000,,False,2,,reported: meets
,all_pairs_10,0,,theorem 1,,5000,,,2,,holds
,all_pairs_30,0,,theorem 1,,5000,,,2,,holds
,clone,0,,theorem 1,,5000,,,2,,holds
,contaminated,0,,theorem 1,,5000,,,2,,holds
,few,0,,theorem 1,,5000,,,2,,holds
,gauss_0.1,0,,theorem 1,,5000,,,2,,holds
,gauss_0.5,0,,theorem 1,,5000,,,2,,holds
,gauss_0.9,0,,theorem 1,,5000,,,2,,holds
,heavy_censoring,0,,theorem 1,,5000,,,2,,holds
,informative,0,,theorem 1,,5000,,,2,,holds
,null,0,,theorem 1,,20000,,,2,,holds
,null_lab_few_100,0,,theorem 1,,20000,,,2,,holds
,null_lab_offset_100,0,,theorem 1,,20000,,,2,,holds
,null_lab_offset_85,0,,theorem 1,,20000,,,2,,holds
,null_lab_panel_100,0,,theorem 1,,20000,,,2,,holds
,null_lab_spread_85,0,,theorem 1,,20000,,,2,,holds
,pairs_0.5,0,,theorem 1,,5000,,,2,,holds
,pairs_0.9,0,,theorem 1,,5000,,,2,,holds
,singleton_rich,0,,theorem 1,,5000,,,2,,holds
,t4,0,,theorem 1,,5000,,,2,,holds
,two_component,0,,theorem 1,,5000,,,2,,holds
,two_labs,0,,theorem 1,,5000,,,2,,holds
,wt_nwt,0,,theorem 1,,5000,,,2,,holds
0.0012254937663500522,all_pairs_10,,0.0,lower limit above rho,0.0,5000,,True,2,,meets
0.0012254937663500522,all_pairs_30,,0.0,lower limit above rho,0.0,5000,,True,2,,meets
0.0012254937663500522,clone,,0.0,lower limit above rho,0.0,5000,,True,2,,meets
0.0012254937663500522,contaminated,,0.0,lower limit above rho,0.0,5000,,True,2,,meets
0.0012254937663500522,few,,0.0,lower limit above rho,0.0,5000,,True,2,,meets
0.0012254937663500522,gauss_0.1,,0.0,lower limit above rho,0.0,5000,,True,2,,meets
0.0012254937663500522,gauss_0.5,,0.0,lower limit above rho,0.0,5000,,True,2,,meets
0.0012254937663500522,gauss_0.9,,0.0,lower limit above rho,0.0,5000,,True,2,,meets
0.0012254937663500522,heavy_censoring,,0.0,lower limit above rho,0.0,5000,,True,2,,meets
0.0012254937663500522,informative,,0.0,lower limit above rho,0.0,5000,,True,2,,meets
0.00030651433935272195,null,,0.0,lower limit above rho,0.0,20000,,True,2,,meets
0.0005146194660895053,null_lab_few_100,,7.070714249635605e-05,lower limit above rho,0.0001,20000,,True,2,,meets
0.00030651433935272195,null_lab_offset_100,,0.0,lower limit above rho,0.0,20000,,True,2,,meets
0.00030651433935272195,null_lab_offset_85,,0.0,lower limit above rho,0.0,20000,,True,2,,meets
0.00030651433935272195,null_lab_panel_100,,0.0,lower limit above rho,0.0,20000,,True,2,,meets
0.00030651433935272195,null_lab_spread_85,,0.0,lower limit above rho,0.0,20000,,True,2,,meets
0.0012254937663500522,pairs_0.5,,0.0,lower limit above rho,0.0,5000,,True,2,,meets
0.0012254937663500522,pairs_0.9,,0.0,lower limit above rho,0.0,5000,,True,2,,meets
0.0012254937663500522,singleton_rich,,0.0,lower limit above rho,0.0,5000,,True,2,,meets
0.0012254937663500522,t4,,0.0,lower limit above rho,0.0,5000,,True,2,,meets
0.0012254937663500522,two_component,,0.0,lower limit above rho,0.0,5000,,True,2,,meets
0.0012254937663500522,two_labs,,0.0,lower limit above rho,0.0,5000,,True,2,,meets
0.0012254937663500522,wt_nwt,,0.0,lower limit above rho,0.0,5000,,True,2,,meets
0.9905173644834382,audit_10x4_two_wells,,0.0008157885755512907,interval for the lineages in hand,0.9933,10000,10000,True,3,0.9954587286797665,meets
0.9936328618798838,k10_30x3_spread,,0.0006389984350528562,interval for the lineages in hand,0.9959,10000,10000,True,3,0.9975356904780026,meets
0.9857804461808636,k3_10x4_alternate,,0.0010336034055671464,interval for the lineages in hand,0.9892,10000,10000,True,3,0.9920041525696275,meets
0.9925396709149924,k3_5x3_spread,,0.0007053367989832945,interval for the lineages in hand,0.995,10000,10000,True,3,0.9968318460659922,meets
0.9965552558324621,k5_10x4_spread,,0.00042388205906832433,interval for the lineages in hand,0.9982,10000,10000,True,3,0.9992011480707618,meets
0.9987512459597592,k5_20x2_spread,,0.00017317909804591517,interval for the lineages in hand,0.9997,10000,10000,True,3,0.9999777110128732,meets
0.9993540618902652,k5_6x2_spread,,0.0,interval for the lineages in hand,1.0,10000,10000,True,3,1.0,meets
0.998581180390852,k8_4x6_top_bottom,,0.0001999599959991888,interval for the lineages in hand,0.9996,10000,10000,True,3,0.9999515503391314,meets
0.950029273898739,mixed_sizes,,0.002042034279829797,interval for the lineages in hand,0.9564,10000,10000,True,3,0.9622025678851249,meets
0.9453498508605168,moderate_8x25,,0.0021376622745419827,interval for the lineages in hand,0.952,10000,10000,True,3,0.958087747451634,meets
0.9987486193076766,no_effect_one_well,,0.0001735434846811343,interval for the lineages in hand,0.9996993686742158,10000,9979,True,3,0.9999776641033217,meets
0.9803785179476946,null_15x5,,0.001239219108955311,interval for the lineages in hand,0.9844,10000,10000,True,3,0.9878142140764188,meets
0.9778247649493038,one_shifted_m10,,0.001325880462183527,interval for the lineages in hand,0.9821,10000,10000,True,3,0.9857715440060957,meets
0.9758379755114283,one_shifted_m5,,0.001389672983115094,interval for the lineages in hand,0.9803,10000,10000,True,3,0.9841610432140052,meets
0.9716714776617464,pairs_100_fine,,0.001514851477868374,interval for the lineages in hand,0.9765,10000,10000,True,3,0.9807330765614896,meets
0.9944982142508267,pairs_10,,0.0005821030836544296,interval for the lineages in hand,0.9966,10000,10000,True,3,0.9980675899284291,meets
0.994125467055105,pairs_5,,0.0006071498991188285,interval for the lineages in hand,0.9963,10000,10000,True,3,0.9978415750246393,meets
0.9633166781149595,rare_call_one_m10_p0.02,,0.0017385787298825443,interval for the lineages in hand,0.9688,10000,10000,True,3,0.9736986042109874,meets
0.9642882583256417,rare_call_one_m10_p0.05,,0.0017141152236649668,interval for the lineages in hand,0.9697,10000,10000,True,3,0.9745257939344233,meets
0.9456684161059798,rare_call_one_m20_p0.02,,0.002131307345269564,interval for the lineages in hand,0.9523,10000,10000,True,3,0.9583687911289385,meets
0.9493902360260972,rare_call_one_m20_p0.05,,0.0020553919334277836,interval for the lineages in hand,0.9558,10000,10000,True,3,0.9616423935267917,meets
0.9663172685648107,rare_call_one_m5_p0.02,,0.0016648479690379045,interval for the lineages in hand,0.9715863453815261,10000,9960,True,3,0.9762644998178354,meets
0.9676409720502805,rare_call_one_m5_p0.05,,0.0016268183309672596,interval for the lineages in hand,0.9727972797279728,10000,9999,True,3,0.9773633041157245,meets
0.9554743253422612,rare_call_three_m10,,0.0019239997401247222,interval for the lineages in hand,0.9615,10000,10000,True,3,0.9669507778705458,meets
0.9684041715961158,rare_call_three_m5,,0.0016061677994530948,interval for the lineages in hand,0.9735,10000,10000,True,3,0.9780046237649128,meets
0.9580457199014679,two_labs,,0.0018653897716027078,interval for the lineages in hand,0.9639,10000,10000,True,3,0.9691761811676588,meets
0.9538702614036807,weak_20x6,,0.001959591794226543,interval for the lineages in hand,0.96,10000,10000,True,3,0.9655568323147729,meets
0.9564378712469014,weak_pairs_10_12_wells,,0.0019022681199031845,interval for the lineages in hand,0.9624,10000,10000,True,3,0.9677860337920401,meets
0.9629930721561504,weak_pairs_10_fine,,0.0017466467874186805,interval for the lineages in hand,0.9685,10000,10000,True,3,0.9734226190826522,meets
0.9520549766531043,weak_pairs_30_12_wells,,0.0019990275135675336,interval for the lineages in hand,0.9583,10000,10000,True,3,0.9639743640132593,meets
0.9524818570653573,weak_pairs_30_fine,,0.0019898319024480434,interval for the lineages in hand,0.9587,10000,10000,True,3,0.9643469557161701,meets
0.9716714776617464,weak_pairs_5_fine,,0.001514851477868374,interval for the lineages in hand,0.9765,10000,10000,True,3,0.9807330765614896,meets
,call_10x4,0,,theorem 1,,10000,,,3,,holds
,effect_3x20,0,,theorem 1,,10000,,,3,,holds
,effect_8x10,0,,theorem 1,,10000,,,3,,holds
,effect_8x10_contaminated,0,,theorem 1,,10000,,,3,,holds
,effect_8x10_t4,0,,theorem 1,,10000,,,3,,holds
,near_null_30x4,0,,theorem 1,,10000,,,3,,holds
,null_100x2_1000_wells,0,,theorem 1,,10000,,,3,,holds
,null_10x10_12_wells,0,,theorem 1,,10000,,,3,,holds
,null_2x2_median_call,0,,theorem 1,,10000,,,3,,holds
,null_30x2_1000_wells,0,,theorem 1,,10000,,,3,,holds
,null_30x2_9_wells,0,,theorem 1,,10000,,,3,,holds
,null_30x2_9_wells_contaminated,0,,theorem 1,,10000,,,3,,holds
,null_30x2_9_wells_t4,0,,theorem 1,,10000,,,3,,holds
,overlapping_panels_effect,0,,theorem 1,,10000,,,3,,holds
,overlapping_panels_null,0,,theorem 1,,10000,,,3,,holds
,rare_call_one_m10,0,,theorem 1,,10000,,,3,,holds
,rare_call_one_m20,0,,theorem 1,,10000,,,3,,holds
,rare_call_one_m5,0,,theorem 1,,10000,,,3,,holds
,rare_call_three_m5,0,,theorem 1,,10000,,,3,,holds
,rare_one_m10_8_wells,0,,theorem 1,,10000,,,3,,holds
,two_labs_confined,0,,theorem 1,,10000,,,3,,holds
0.0005938407320280827,call_10x4,,0.0,lower limit above rho_min,0.0,10000,,True,3,,meets
0.01367758835547089,effect_3x20,,0.0010193012312363799,lower limit above rho_min,0.0105,10000,,True,3,,meets
0.004372571376300859,effect_8x10,,0.0005092386473943233,lower limit above rho_min,0.0026,10000,,True,3,,meets
0.0032077987387202794,effect_8x10_contaminated,,0.00041195994950965806,lower limit above rho_min,0.0017,10000,,True,3,,meets
0.004118151918455415,effect_8x10_t4,,0.0004893097178679368,lower limit above rho_min,0.0024,10000,,True,3,,meets
0.0015077879927750918,near_null_30x4,,0.0002235508890610816,lower limit above rho_min,0.0005,10000,,True,3,,meets
0.020823384621398173,null_100x2_1000_wells,,0.001288968192004752,lower limit above rho_min,0.0169,10000,,True,3,,meets
0.0037322120409278878,null_10x10_12_wells,,0.0004577761461675346,lower limit above rho_min,0.0021,10000,,True,3,,meets
0.0005938407320280827,null_2x2_median_call,,0.0,lower limit above rho_min,0.0,10000,,True,3,,meets
0.01971804658809588,null_30x2_1000_wells,,0.0012508872850900677,lower limit above rho_min,0.0159,10000,,True,3,,meets
0.0018137957504489831,null_30x2_9_wells,,0.00026448251359967073,lower limit above rho_min,0.0007,10000,,True,3,,meets
0.0011815375418157035,null_30x2_9_wells_contaminated,,0.00017317909804592468,lower limit above rho_min,0.0003,10000,,True,3,,meets
0.0018137957504489831,null_30x2_9_wells_t4,,0.00026448251359967073,lower limit above rho_min,0.0007,10000,,True,3,,meets
0.014243174167469855,rare_call_one_m10,,0.0010430244484191155,lower limit above rho_min,0.011,10000,,True,3,,meets
0.007549162270546395,rare_call_one_m20,,0.0007192329247191065,lower limit above rho_min,0.0052,10000,,True,3,,meets
0.036689092160558094,rare_call_one_m5,,0.0017466467874186814,lower limit above rho_min,0.0315,10000,,True,3,,meets
0.012199154642238929,rare_call_three_m5,,0.0009547439447307324,lower limit above rho_min,0.0092,10000,,True,3,,meets
0.0005938407320280827,rare_one_m10_8_wells,,0.0,lower limit above rho_min,0.0,10000,,True,3,,meets
0.0019617106830555485,two_labs_confined,,0.0002827295527531567,lower limit above rho_min,0.0008,10000,,True,3,,meets
0.0006038430844667675,call_10x4,,0.0,lower limit above rho,0.0,10000,,True,3,,meets
0.0006038430844667675,effect_3x20,,0.0,lower limit above rho,0.0,10000,,True,3,,meets
0.0006038430844667675,effect_8x10,,0.0,lower limit above rho,0.0,10000,,True,3,,meets
0.0006038430844667675,effect_8x10_contaminated,,0.0,lower limit above rho,0.0,10000,,True,3,,meets
0.0006038430844667675,effect_8x10_t4,,0.0,lower limit above rho,0.0,10000,,True,3,,meets
0.0006038430844667675,near_null_30x4,,0.0,lower limit above rho,0.0,10000,,True,3,,meets
0.02087096556470141,null_100x2_1000_wells,,0.001288968192004752,lower limit above rho,0.0169,10000,,True,3,,meets
0.0037535797817539246,null_10x10_12_wells,,0.0004577761461675346,lower limit above rho,0.0021,10000,,True,3,,meets
0.0006038430844667675,null_2x2_median_call,,0.0,lower limit above rho,0.0,10000,,True,3,,meets
0.019764419741018346,null_30x2_1000_wells,,0.0012508872850900677,lower limit above rho,0.0159,10000,,True,3,,meets
0.0018293279028844713,null_30x2_9_wells,,0.00026448251359967073,lower limit above rho,0.0007,10000,,True,3,,meets
0.0011945194519014195,null_30x2_9_wells_contaminated,,0.00017317909804592468,lower limit above rho,0.0003,10000,,True,3,,meets
0.0018293279028844713,null_30x2_9_wells_t4,,0.00026448251359967073,lower limit above rho,0.0007,10000,,True,3,,meets
0.0006038430844667675,overlapping_panels_effect,,0.0,lower limit above rho,0.0,10000,,True,3,,meets
0.0006038430844667675,overlapping_panels_null,,0.0,lower limit above rho,0.0,10000,,True,3,,meets
0.0006038430844667675,rare_call_one_m10,,0.0,lower limit above rho,0.0,10000,,True,3,,meets
0.0006038430844667675,rare_call_one_m20,,0.0,lower limit above rho,0.0,10000,,True,3,,meets
0.0006038430844667675,rare_call_one_m5,,0.0,lower limit above rho,0.0,10000,,True,3,,meets
0.0006038430844667675,rare_call_three_m5,,0.0,lower limit above rho,0.0,10000,,True,3,,meets
0.0006038430844667675,rare_one_m10_8_wells,,0.0,lower limit above rho,0.0,10000,,True,3,,meets
0.0006038430844667675,two_labs_confined,,0.0,lower limit above rho,0.0,10000,,True,3,,meets
0.042977078019371236,farms10_home80_call,,0.001379816609191236,level of the test within units,0.03965,20000,,True,3,,meets
0.05545679686285227,farms10_home80_panel,,0.001565680522967569,level of the test within units,0.0517,20000,,False,3,,meets
0.04961347861816977,farms30_home60_pairs,,0.001482049214769874,level of the test within units,0.04605,20000,,True,3,,meets
0.05064866507530003,farms4_nested_uneven,,0.001497269139132975,level of the test within units,0.04705,20000,,True,3,,meets
0.051735145514429495,farms6_home90_two_labs,,0.0015130497348071542,level of the test within units,0.0481,20000,,True,3,,meets
0.7809491444033999,farms10_home80_call,,0.0029569341385969356,level of the test ignoring units,0.7741,20000,,False,3,,reported: fails
0.9083021285979812,farms10_home80_panel,,0.002087914629480813,level of the test ignoring units,0.9035,20000,,False,3,,reported: fails
0.353276836825163,farms30_home60_pairs,,0.0033622822606081126,level of the test ignoring units,0.3454,20000,,False,3,,reported: fails
0.9831284584915174,farms4_nested_uneven,,0.0009666203365334296,level of the test ignoring units,0.98095,20000,,False,3,,reported: fails
0.8974444478883221,farms6_home90_two_labs,,0.002191143993442695,level of the test ignoring units,0.8924,20000,,False,3,,reported: fails
0.9908835982586901,merge_fives_share06: selection_from_a,,0.001036420763975709,paired intervals of the comparison,0.9946,5000,5000,True,3,0.9971086217397579,meets
0.9542190707757621,merge_fives_share06: label_difference_on_scorable,,0.002683327784673352,paired intervals of the comparison,0.9626,5000,5000,True,3,0.9698787412701605,meets
0.9542190707757621,merge_fives_share06: definition_difference_on_common,,0.002683327784673352,paired intervals of the comparison,0.9626,5000,5000,True,3,0.9698787412701605,meets
0.9612773814501662,merge_fives_share06: total_difference,,0.0024510813939973525,paired intervals of the comparison,0.969,5000,5000,True,3,0.9756034128383302,meets
0.9770441929027195,merge_pairs_share04: selection_from_a,,0.0018281684823888641,paired intervals of the comparison,0.983,5000,5000,True,3,0.987796153409203,meets
0.960834132815633,merge_pairs_share04: label_difference_on_scorable,,0.002466334932648037,paired intervals of the comparison,0.9686,5000,5000,True,3,0.975247741893031,meets
0.960834132815633,merge_pairs_share04: definition_difference_on_common,,0.002466334932648037,paired intervals of the comparison,0.9686,5000,5000,True,3,0.975247741893031,meets
0.96684618144086,merge_pairs_share04: total_difference,,0.0022505110530721692,paired intervals of the comparison,0.974,5000,5000,True,3,0.9800208538654803,meets
0.9617209396486847,null_merge_pairs: selection_from_a,,0.002435719195638116,paired intervals of the comparison,0.9694,5000,5000,True,3,0.9759587715799918,meets
0.969991045845198,null_merge_pairs: label_difference_on_scorable,,0.0021289321266775977,paired intervals of the comparison,0.9768,5000,5000,True,3,0.9824680226885112,meets
0.969991045845198,null_merge_pairs: definition_difference_on_common,,0.0021289321266775977,paired intervals of the comparison,0.9768,5000,5000,True,3,0.9824680226885112,meets
0.976814312471306,null_merge_pairs: total_difference,,0.0018387038913321523,paired intervals of the comparison,0.9828,5000,5000,True,3,0.9876266702710258,meets
0.9956981972886833,rare_merge_pairs: selection_from_a,,0.0005994597567810576,paired intervals of the comparison,0.9982,5000,5000,True,3,0.9994561074276523,meets
0.9871666303351319,rare_merge_pairs: label_difference_on_scorable,,0.0012906928372002353,paired intervals of the comparison,0.9916,5000,5000,True,3,0.9948418168457345,meets
0.9871666303351319,rare_merge_pairs: definition_difference_on_common,,0.0012906928372002353,paired intervals of the comparison,0.9916,5000,5000,True,3,0.9948418168457345,meets
0.9901267884444194,rare_merge_pairs: total_difference,,0.0010921538353180842,paired intervals of the comparison,0.994,5000,5000,True,3,0.9966691696256865,meets
0.9987578504874692,small_rare_merge_fives: selection_from_a,,0.0,paired intervals of the comparison,1.0,5000,5000,True,3,1.0,meets
0.9987578504874692,small_rare_merge_fives: label_difference_on_scorable,,0.0,paired intervals of the comparison,1.0,5000,5000,True,3,1.0,meets
0.983807659532012,small_rare_merge_fives: singletons_under_b,,0.0014882580421418854,paired intervals of the comparison,0.9888,5000,5000,True,3,0.992612549192951,meets
0.9987578504874692,small_rare_merge_fives: definition_difference_on_common,,0.0,paired intervals of the comparison,1.0,5000,5000,True,3,1.0,meets
0.9987578504874692,small_rare_merge_fives: total_difference,,0.0,paired intervals of the comparison,1.0,5000,5000,True,3,1.0,meets
0.9807498902825635,split_in_two_share04: selection_from_a,,0.0016498218085599446,paired intervals of the comparison,0.9862,5000,5000,True,3,0.9904798257423423,meets
0.975896579973951,split_in_two_share04: label_difference_on_scorable,,0.0018802127539190886,paired intervals of the comparison,0.982,5000,5000,True,3,0.9869469218465476,meets
0.975896579973951,split_in_two_share04: definition_difference_on_common,,0.0018802127539190886,paired intervals of the comparison,0.982,5000,5000,True,3,0.9869469218465476,meets
0.9761257506220509,split_in_two_share04: total_difference,,0.0018699283408729886,paired intervals of the comparison,0.9822,5000,5000,True,3,0.9871171252810106,meets
