agent,analysis,method,estimand,analysis_scope,n,n_groups,n_observed,n_missing,n_positive,estimate_scope,batch,estimate,lower,upper,log_e,p_value,q_value,selected,interval_kind,status,reason,unit,assumptions,conclusion
amoxicillin,finite_collection_prevalence,finite_collection_prevalence,prevalence in recorded collection,recorded finite collection,677,,677,0,37,observed outcomes only,,0.05465288035450517,0.05465288035450517,0.05465288035450517,,,,,identification bounds; not a confidence interval,computed,,proportion,Binary outcomes; recorded collection size known. Estimate is observed-only prevalence; bounds cover missing outcomes.,
cefquinome,finite_collection_prevalence,finite_collection_prevalence,prevalence in recorded collection,recorded finite collection,677,,677,0,26,observed outcomes only,,0.03840472673559823,0.03840472673559823,0.03840472673559823,,,,,identification bounds; not a confidence interval,computed,,proportion,Binary outcomes; recorded collection size known. Estimate is observed-only prevalence; bounds cover missing outcomes.,
ceftiofur,finite_collection_prevalence,finite_collection_prevalence,prevalence in recorded collection,recorded finite collection,677,,677,0,163,observed outcomes only,,0.24076809453471196,0.24076809453471196,0.24076809453471196,,,,,identification bounds; not a confidence interval,computed,,proportion,Binary outcomes; recorded collection size known. Estimate is observed-only prevalence; bounds cover missing outcomes.,
doxycycline,finite_collection_prevalence,finite_collection_prevalence,prevalence in recorded collection,recorded finite collection,677,,677,0,571,observed outcomes only,,0.843426883308715,0.843426883308715,0.843426883308715,,,,,identification bounds; not a confidence interval,computed,,proportion,Binary outcomes; recorded collection size known. Estimate is observed-only prevalence; bounds cover missing outcomes.,
erythromycin,finite_collection_prevalence,finite_collection_prevalence,prevalence in recorded collection,recorded finite collection,677,,677,0,366,observed outcomes only,,0.5406203840472673,0.5406203840472673,0.5406203840472673,,,,,identification bounds; not a confidence interval,computed,,proportion,Binary outcomes; recorded collection size known. Estimate is observed-only prevalence; bounds cover missing outcomes.,
lincomycin,finite_collection_prevalence,finite_collection_prevalence,prevalence in recorded collection,recorded finite collection,677,,677,0,424,observed outcomes only,,0.6262924667651403,0.6262924667651403,0.6262924667651403,,,,,identification bounds; not a confidence interval,computed,,proportion,Binary outcomes; recorded collection size known. Estimate is observed-only prevalence; bounds cover missing outcomes.,
penicillin,finite_collection_prevalence,finite_collection_prevalence,prevalence in recorded collection,recorded finite collection,677,,677,0,156,observed outcomes only,,0.23042836041358936,0.23042836041358936,0.23042836041358936,,,,,identification bounds; not a confidence interval,computed,,proportion,Binary outcomes; recorded collection size known. Estimate is observed-only prevalence; bounds cover missing outcomes.,
spectinomycin,finite_collection_prevalence,finite_collection_prevalence,prevalence in recorded collection,recorded finite collection,677,,677,0,78,observed outcomes only,,0.11521418020679468,0.11521418020679468,0.11521418020679468,,,,,identification bounds; not a confidence interval,computed,,proportion,Binary outcomes; recorded collection size known. Estimate is observed-only prevalence; bounds cover missing outcomes.,
tetracycline,finite_collection_prevalence,finite_collection_prevalence,prevalence in recorded collection,recorded finite collection,677,,677,0,574,observed outcomes only,,0.8478581979320532,0.8478581979320532,0.8478581979320532,,,,,identification bounds; not a confidence interval,computed,,proportion,Binary outcomes; recorded collection size known. Estimate is observed-only prevalence; bounds cover missing outcomes.,
tiamulin,finite_collection_prevalence,finite_collection_prevalence,prevalence in recorded collection,recorded finite collection,677,,677,0,131,observed outcomes only,,0.1935007385524372,0.1935007385524372,0.1935007385524372,,,,,identification bounds; not a confidence interval,computed,,proportion,Binary outcomes; recorded collection size known. Estimate is observed-only prevalence; bounds cover missing outcomes.,
tilmicosin,finite_collection_prevalence,finite_collection_prevalence,prevalence in recorded collection,recorded finite collection,677,,677,0,364,observed outcomes only,,0.5376661742983752,0.5376661742983752,0.5376661742983752,,,,,identification bounds; not a confidence interval,computed,,proportion,Binary outcomes; recorded collection size known. Estimate is observed-only prevalence; bounds cover missing outcomes.,
trimethoprim,finite_collection_prevalence,finite_collection_prevalence,prevalence in recorded collection,recorded finite collection,677,,677,0,190,observed outcomes only,,0.28064992614475626,0.28064992614475626,0.28064992614475626,,,,,identification bounds; not a confidence interval,computed,,proportion,Binary outcomes; recorded collection size known. Estimate is observed-only prevalence; bounds cover missing outcomes.,
tylosin,finite_collection_prevalence,finite_collection_prevalence,prevalence in recorded collection,recorded finite collection,677,,677,0,366,observed outcomes only,,0.5406203840472673,0.5406203840472673,0.5406203840472673,,,,,identification bounds; not a confidence interval,computed,,proportion,Binary outcomes; recorded collection size known. Estimate is observed-only prevalence; bounds cover missing outcomes.,
amoxicillin,collection_membership,collection_membership,lineage share of the call among the represented lineages,observed and typed subset,677,30,,,,observed and typed subset,,0.2632240813579213,0.14922168050695625,0.3982661320384985,,0.001,0.0034451449013949017,yes,"95% interval for the represented lineages (isolates drawn again, lineages fixed)",computed,,proportion,"Isolates of a lineage drawn independently from its distribution, whatever their sampling units share; the p-value assumes lineage labels exchangeable within each level of isolation_country under the null.",Lineage structure established (share 0.263; 95 % interval 0.149 to 0.398; p ≤ 0.001; q 0.003; lower bound 0.014; lower confidence limit 0.000).
amoxicillin,call_latent_bounds,call_latent_bounds,lineage share of the latent ordering,observed and typed subset,677,30,,,,observed and typed subset,,,0.014485725724025853,1.0,,,,,"bounds the readings allow; not a confidence interval; lower end established by the readings; upper end a certified bound, not sharp",computed,The largest share attained by an arrangement of the lineages inside the readings is 0.897,proportion,Every reading holds the latent MIC it stands for (a call: the side of its cut-off); the latent MIC is continuous within a stratum; lineages of one isolate set aside. No distributional form for the latent values. The bounds are sharp where the distinct readings of each stratum are disjoint; overlapping readings are merged into one cell and the bounds then hold but may not be attained.,
amoxicillin,call_latent_lower_limit,call_latent_lower_limit,lineage share of the latent ordering,observed and typed subset,677,30,,,,observed and typed subset,,,0.0,,,,,,"one-sided 95% lower confidence limit for the lower bound, and so for the share",computed,,proportion,"Every reading holds the latent MIC it stands for (a call: the side of its cut-off); the latent MIC is continuous within a stratum; lineages of one isolate set aside. No distributional form for the latent values. The bounds are sharp where the distinct readings of each stratum are disjoint; overlapping readings are merged into one cell and the bounds then hold but may not be attained. The limit also assumes readings independent between isolates, whatever their sampling units share.",
cefquinome,collection_membership,collection_membership,lineage share of the call among the represented lineages,observed and typed subset,677,30,,,,observed and typed subset,,0.21093225483820413,0.048404674714577045,0.3858461889211059,,0.001,0.0034451449013949017,yes,"95% interval for the represented lineages (isolates drawn again, lineages fixed)",computed,,proportion,"Isolates of a lineage drawn independently from its distribution, whatever their sampling units share; the p-value assumes lineage labels exchangeable within each level of isolation_country under the null.",Lineage structure established (share 0.211; 95 % interval 0.048 to 0.386; p ≤ 0.001; q 0.003; lower bound 0.005; lower confidence limit 0.000).
cefquinome,call_latent_bounds,call_latent_bounds,lineage share of the latent ordering,observed and typed subset,677,30,,,,observed and typed subset,,,0.005226734144016651,1.0,,,,,"bounds the readings allow; not a confidence interval; lower end established by the readings; upper end a certified bound, not sharp",computed,The largest share attained by an arrangement of the lineages inside the readings is 0.900,proportion,Every reading holds the latent MIC it stands for (a call: the side of its cut-off); the latent MIC is continuous within a stratum; lineages of one isolate set aside. No distributional form for the latent values. The bounds are sharp where the distinct readings of each stratum are disjoint; overlapping readings are merged into one cell and the bounds then hold but may not be attained.,
cefquinome,call_latent_lower_limit,call_latent_lower_limit,lineage share of the latent ordering,observed and typed subset,677,30,,,,observed and typed subset,,,0.0,,,,,,"one-sided 95% lower confidence limit for the lower bound, and so for the share",computed,,proportion,"Every reading holds the latent MIC it stands for (a call: the side of its cut-off); the latent MIC is continuous within a stratum; lineages of one isolate set aside. No distributional form for the latent values. The bounds are sharp where the distinct readings of each stratum are disjoint; overlapping readings are merged into one cell and the bounds then hold but may not be attained. The limit also assumes readings independent between isolates, whatever their sampling units share.",
ceftiofur,collection_membership,collection_membership,lineage share of the call among the represented lineages,observed and typed subset,677,30,,,,observed and typed subset,,0.49820465189591445,0.43954637419792847,0.5682927526118886,,0.001,0.0034451449013949017,yes,"95% interval for the represented lineages (isolates drawn again, lineages fixed)",computed,,proportion,"Isolates of a lineage drawn independently from its distribution, whatever their sampling units share; the p-value assumes lineage labels exchangeable within each level of isolation_country under the null.",Lineage structure established (share 0.498; 95 % interval 0.440 to 0.568; p ≤ 0.001; q 0.003; lower bound 0.104; lower confidence limit 0.020).
ceftiofur,call_latent_bounds,call_latent_bounds,lineage share of the latent ordering,observed and typed subset,677,30,,,,observed and typed subset,,,0.10444026510631767,1.0,,,,,"bounds the readings allow; not a confidence interval; lower end established by the readings; upper end a certified bound, not sharp",computed,The largest share attained by an arrangement of the lineages inside the readings is 0.869,proportion,Every reading holds the latent MIC it stands for (a call: the side of its cut-off); the latent MIC is continuous within a stratum; lineages of one isolate set aside. No distributional form for the latent values. The bounds are sharp where the distinct readings of each stratum are disjoint; overlapping readings are merged into one cell and the bounds then hold but may not be attained.,
ceftiofur,call_latent_lower_limit,call_latent_lower_limit,lineage share of the latent ordering,observed and typed subset,677,30,,,,observed and typed subset,,,0.020051645722599244,,,,,,"one-sided 95% lower confidence limit for the lower bound, and so for the share",computed,,proportion,"Every reading holds the latent MIC it stands for (a call: the side of its cut-off); the latent MIC is continuous within a stratum; lineages of one isolate set aside. No distributional form for the latent values. The bounds are sharp where the distinct readings of each stratum are disjoint; overlapping readings are merged into one cell and the bounds then hold but may not be attained. The limit also assumes readings independent between isolates, whatever their sampling units share.",
doxycycline,collection_membership,collection_membership,lineage share of the call among the represented lineages,observed and typed subset,677,30,,,,observed and typed subset,,0.035063887229938515,0.001276300888888679,0.07820053864762959,,0.001,0.0034451449013949017,yes,"95% interval for the represented lineages (isolates drawn again, lineages fixed)",computed,,proportion,"Isolates of a lineage drawn independently from its distribution, whatever their sampling units share; the p-value assumes lineage labels exchangeable within each level of isolation_country under the null.",Lineage structure established (share 0.035; 95 % interval 0.001 to 0.078; p ≤ 0.001; q 0.003; lower bound 0.000; lower confidence limit 0.000).
doxycycline,call_latent_bounds,call_latent_bounds,lineage share of the latent ordering,observed and typed subset,677,30,,,,observed and typed subset,,,0.0,1.0,,,,,"bounds the readings allow; not a confidence interval; lower end established by the readings; upper end a certified bound, not sharp",full_range,The largest share attained by an arrangement of the lineages inside the readings is 0.742,proportion,Every reading holds the latent MIC it stands for (a call: the side of its cut-off); the latent MIC is continuous within a stratum; lineages of one isolate set aside. No distributional form for the latent values. The bounds are sharp where the distinct readings of each stratum are disjoint; overlapping readings are merged into one cell and the bounds then hold but may not be attained.,
doxycycline,call_latent_lower_limit,call_latent_lower_limit,lineage share of the latent ordering,observed and typed subset,677,30,,,,observed and typed subset,,,0.0,,,,,,"one-sided 95% lower confidence limit for the lower bound, and so for the share",computed,,proportion,"Every reading holds the latent MIC it stands for (a call: the side of its cut-off); the latent MIC is continuous within a stratum; lineages of one isolate set aside. No distributional form for the latent values. The bounds are sharp where the distinct readings of each stratum are disjoint; overlapping readings are merged into one cell and the bounds then hold but may not be attained. The limit also assumes readings independent between isolates, whatever their sampling units share.",
erythromycin,collection_membership,collection_membership,lineage share of the call among the represented lineages,observed and typed subset,677,30,,,,observed and typed subset,,0.1533465097538789,0.1032377247818271,0.20446302503130445,,0.001,0.0034451449013949017,yes,"95% interval for the represented lineages (isolates drawn again, lineages fixed)",computed,,proportion,"Isolates of a lineage drawn independently from its distribution, whatever their sampling units share; the p-value assumes lineage labels exchangeable within each level of isolation_country under the null.",Lineage structure established (share 0.153; 95 % interval 0.103 to 0.204; p ≤ 0.001; q 0.003; lower bound 0.000; lower confidence limit 0.000).
erythromycin,call_latent_bounds,call_latent_bounds,lineage share of the latent ordering,observed and typed subset,677,30,,,,observed and typed subset,,,0.0004289931811265551,1.0,,,,,"bounds the readings allow; not a confidence interval; lower end established by the readings; upper end a certified bound, not sharp",computed,The largest share attained by an arrangement of the lineages inside the readings is 0.645,proportion,Every reading holds the latent MIC it stands for (a call: the side of its cut-off); the latent MIC is continuous within a stratum; lineages of one isolate set aside. No distributional form for the latent values. The bounds are sharp where the distinct readings of each stratum are disjoint; overlapping readings are merged into one cell and the bounds then hold but may not be attained.,
erythromycin,call_latent_lower_limit,call_latent_lower_limit,lineage share of the latent ordering,observed and typed subset,677,30,,,,observed and typed subset,,,0.0,,,,,,"one-sided 95% lower confidence limit for the lower bound, and so for the share",computed,,proportion,"Every reading holds the latent MIC it stands for (a call: the side of its cut-off); the latent MIC is continuous within a stratum; lineages of one isolate set aside. No distributional form for the latent values. The bounds are sharp where the distinct readings of each stratum are disjoint; overlapping readings are merged into one cell and the bounds then hold but may not be attained. The limit also assumes readings independent between isolates, whatever their sampling units share.",
lincomycin,collection_membership,collection_membership,lineage share of the call among the represented lineages,observed and typed subset,677,30,,,,observed and typed subset,,0.22375314285004103,0.1688726576786637,0.2809927482105759,,0.001,0.0034451449013949017,yes,"95% interval for the represented lineages (isolates drawn again, lineages fixed)",computed,,proportion,"Isolates of a lineage drawn independently from its distribution, whatever their sampling units share; the p-value assumes lineage labels exchangeable within each level of isolation_country under the null.",Lineage structure established (share 0.224; 95 % interval 0.169 to 0.281; p ≤ 0.001; q 0.003; lower bound 0.000; lower confidence limit 0.000).
lincomycin,call_latent_bounds,call_latent_bounds,lineage share of the latent ordering,observed and typed subset,677,30,,,,observed and typed subset,,,0.0003442733041021467,1.0,,,,,"bounds the readings allow; not a confidence interval; lower end established by the readings; upper end a certified bound, not sharp",computed,The largest share attained by an arrangement of the lineages inside the readings is 0.758,proportion,Every reading holds the latent MIC it stands for (a call: the side of its cut-off); the latent MIC is continuous within a stratum; lineages of one isolate set aside. No distributional form for the latent values. The bounds are sharp where the distinct readings of each stratum are disjoint; overlapping readings are merged into one cell and the bounds then hold but may not be attained.,
lincomycin,call_latent_lower_limit,call_latent_lower_limit,lineage share of the latent ordering,observed and typed subset,677,30,,,,observed and typed subset,,,0.0,,,,,,"one-sided 95% lower confidence limit for the lower bound, and so for the share",computed,,proportion,"Every reading holds the latent MIC it stands for (a call: the side of its cut-off); the latent MIC is continuous within a stratum; lineages of one isolate set aside. No distributional form for the latent values. The bounds are sharp where the distinct readings of each stratum are disjoint; overlapping readings are merged into one cell and the bounds then hold but may not be attained. The limit also assumes readings independent between isolates, whatever their sampling units share.",
penicillin,collection_membership,collection_membership,lineage share of the call among the represented lineages,observed and typed subset,677,30,,,,observed and typed subset,,0.5097958145335658,0.4475844740146587,0.5856205289913264,,0.001,0.0034451449013949017,yes,"95% interval for the represented lineages (isolates drawn again, lineages fixed)",computed,,proportion,"Isolates of a lineage drawn independently from its distribution, whatever their sampling units share; the p-value assumes lineage labels exchangeable within each level of isolation_country under the null.",Lineage structure established (share 0.510; 95 % interval 0.448 to 0.586; p ≤ 0.001; q 0.003; lower bound 0.120; lower confidence limit 0.035).
penicillin,call_latent_bounds,call_latent_bounds,lineage share of the latent ordering,observed and typed subset,677,30,,,,observed and typed subset,,,0.11964086133398123,1.0,,,,,"bounds the readings allow; not a confidence interval; lower end established by the readings; upper end a certified bound, not sharp",computed,The largest share attained by an arrangement of the lineages inside the readings is 0.863,proportion,Every reading holds the latent MIC it stands for (a call: the side of its cut-off); the latent MIC is continuous within a stratum; lineages of one isolate set aside. No distributional form for the latent values. The bounds are sharp where the distinct readings of each stratum are disjoint; overlapping readings are merged into one cell and the bounds then hold but may not be attained.,
penicillin,call_latent_lower_limit,call_latent_lower_limit,lineage share of the latent ordering,observed and typed subset,677,30,,,,observed and typed subset,,,0.034882737995129004,,,,,,"one-sided 95% lower confidence limit for the lower bound, and so for the share",computed,,proportion,"Every reading holds the latent MIC it stands for (a call: the side of its cut-off); the latent MIC is continuous within a stratum; lineages of one isolate set aside. No distributional form for the latent values. The bounds are sharp where the distinct readings of each stratum are disjoint; overlapping readings are merged into one cell and the bounds then hold but may not be attained. The limit also assumes readings independent between isolates, whatever their sampling units share.",
spectinomycin,collection_membership,collection_membership,lineage share of the call among the represented lineages,observed and typed subset,677,30,,,,observed and typed subset,,0.1813055247956627,0.11544384351785601,0.2581702025918972,,0.001,0.0034451449013949017,yes,"95% interval for the represented lineages (isolates drawn again, lineages fixed)",computed,,proportion,"Isolates of a lineage drawn independently from its distribution, whatever their sampling units share; the p-value assumes lineage labels exchangeable within each level of isolation_country under the null.",Lineage structure established (share 0.181; 95 % interval 0.115 to 0.258; p ≤ 0.001; q 0.003; lower bound 0.029; lower confidence limit 0.000).
spectinomycin,call_latent_bounds,call_latent_bounds,lineage share of the latent ordering,observed and typed subset,677,30,,,,observed and typed subset,,,0.028811067747729797,1.0,,,,,"bounds the readings allow; not a confidence interval; lower end established by the readings; upper end a certified bound, not sharp",computed,The largest share attained by an arrangement of the lineages inside the readings is 0.839,proportion,Every reading holds the latent MIC it stands for (a call: the side of its cut-off); the latent MIC is continuous within a stratum; lineages of one isolate set aside. No distributional form for the latent values. The bounds are sharp where the distinct readings of each stratum are disjoint; overlapping readings are merged into one cell and the bounds then hold but may not be attained.,
spectinomycin,call_latent_lower_limit,call_latent_lower_limit,lineage share of the latent ordering,observed and typed subset,677,30,,,,observed and typed subset,,,0.0,,,,,,"one-sided 95% lower confidence limit for the lower bound, and so for the share",computed,,proportion,"Every reading holds the latent MIC it stands for (a call: the side of its cut-off); the latent MIC is continuous within a stratum; lineages of one isolate set aside. No distributional form for the latent values. The bounds are sharp where the distinct readings of each stratum are disjoint; overlapping readings are merged into one cell and the bounds then hold but may not be attained. The limit also assumes readings independent between isolates, whatever their sampling units share.",
tetracycline,collection_membership,collection_membership,lineage share of the call among the represented lineages,observed and typed subset,677,30,,,,observed and typed subset,,0.03495427058375912,0.005068920529760684,0.0730875832068349,,0.006,0.01908080253080253,yes,"95% interval for the represented lineages (isolates drawn again, lineages fixed)",computed,,proportion,"Isolates of a lineage drawn independently from its distribution, whatever their sampling units share; the p-value assumes lineage labels exchangeable within each level of isolation_country under the null.",Lineage structure established (share 0.035; 95 % interval 0.005 to 0.073; p 0.006; q 0.019; lower bound 0.000; lower confidence limit 0.000).
tetracycline,call_latent_bounds,call_latent_bounds,lineage share of the latent ordering,observed and typed subset,677,30,,,,observed and typed subset,,,0.0,1.0,,,,,"bounds the readings allow; not a confidence interval; lower end established by the readings; upper end a certified bound, not sharp",full_range,The largest share attained by an arrangement of the lineages inside the readings is 0.746,proportion,Every reading holds the latent MIC it stands for (a call: the side of its cut-off); the latent MIC is continuous within a stratum; lineages of one isolate set aside. No distributional form for the latent values. The bounds are sharp where the distinct readings of each stratum are disjoint; overlapping readings are merged into one cell and the bounds then hold but may not be attained.,
tetracycline,call_latent_lower_limit,call_latent_lower_limit,lineage share of the latent ordering,observed and typed subset,677,30,,,,observed and typed subset,,,0.0,,,,,,"one-sided 95% lower confidence limit for the lower bound, and so for the share",computed,,proportion,"Every reading holds the latent MIC it stands for (a call: the side of its cut-off); the latent MIC is continuous within a stratum; lineages of one isolate set aside. No distributional form for the latent values. The bounds are sharp where the distinct readings of each stratum are disjoint; overlapping readings are merged into one cell and the bounds then hold but may not be attained. The limit also assumes readings independent between isolates, whatever their sampling units share.",
tiamulin,collection_membership,collection_membership,lineage share of the call among the represented lineages,observed and typed subset,677,30,,,,observed and typed subset,,0.3871375118853426,0.3091664508123234,0.47358204615334937,,0.001,0.0034451449013949017,yes,"95% interval for the represented lineages (isolates drawn again, lineages fixed)",computed,,proportion,"Isolates of a lineage drawn independently from its distribution, whatever their sampling units share; the p-value assumes lineage labels exchangeable within each level of isolation_country under the null.",Lineage structure established (share 0.387; 95 % interval 0.309 to 0.474; p ≤ 0.001; q 0.003; lower bound 0.039; lower confidence limit 0.000).
tiamulin,call_latent_bounds,call_latent_bounds,lineage share of the latent ordering,observed and typed subset,677,30,,,,observed and typed subset,,,0.038517228691159484,1.0,,,,,"bounds the readings allow; not a confidence interval; lower end established by the readings; upper end a certified bound, not sharp",computed,The largest share attained by an arrangement of the lineages inside the readings is 0.833,proportion,Every reading holds the latent MIC it stands for (a call: the side of its cut-off); the latent MIC is continuous within a stratum; lineages of one isolate set aside. No distributional form for the latent values. The bounds are sharp where the distinct readings of each stratum are disjoint; overlapping readings are merged into one cell and the bounds then hold but may not be attained.,
tiamulin,call_latent_lower_limit,call_latent_lower_limit,lineage share of the latent ordering,observed and typed subset,677,30,,,,observed and typed subset,,,0.0,,,,,,"one-sided 95% lower confidence limit for the lower bound, and so for the share",computed,,proportion,"Every reading holds the latent MIC it stands for (a call: the side of its cut-off); the latent MIC is continuous within a stratum; lineages of one isolate set aside. No distributional form for the latent values. The bounds are sharp where the distinct readings of each stratum are disjoint; overlapping readings are merged into one cell and the bounds then hold but may not be attained. The limit also assumes readings independent between isolates, whatever their sampling units share.",
tilmicosin,collection_membership,collection_membership,lineage share of the call among the represented lineages,observed and typed subset,677,30,,,,observed and typed subset,,0.14856913924105508,0.09819928132991232,0.19832613589223247,,0.001,0.0034451449013949017,yes,"95% interval for the represented lineages (isolates drawn again, lineages fixed)",computed,,proportion,"Isolates of a lineage drawn independently from its distribution, whatever their sampling units share; the p-value assumes lineage labels exchangeable within each level of isolation_country under the null.",Lineage structure established (share 0.149; 95 % interval 0.098 to 0.198; p ≤ 0.001; q 0.003; lower bound 0.000; lower confidence limit 0.000).
tilmicosin,call_latent_bounds,call_latent_bounds,lineage share of the latent ordering,observed and typed subset,677,30,,,,observed and typed subset,,,0.0004100730013529924,1.0,,,,,"bounds the readings allow; not a confidence interval; lower end established by the readings; upper end a certified bound, not sharp",computed,The largest share attained by an arrangement of the lineages inside the readings is 0.639,proportion,Every reading holds the latent MIC it stands for (a call: the side of its cut-off); the latent MIC is continuous within a stratum; lineages of one isolate set aside. No distributional form for the latent values. The bounds are sharp where the distinct readings of each stratum are disjoint; overlapping readings are merged into one cell and the bounds then hold but may not be attained.,
tilmicosin,call_latent_lower_limit,call_latent_lower_limit,lineage share of the latent ordering,observed and typed subset,677,30,,,,observed and typed subset,,,0.0,,,,,,"one-sided 95% lower confidence limit for the lower bound, and so for the share",computed,,proportion,"Every reading holds the latent MIC it stands for (a call: the side of its cut-off); the latent MIC is continuous within a stratum; lineages of one isolate set aside. No distributional form for the latent values. The bounds are sharp where the distinct readings of each stratum are disjoint; overlapping readings are merged into one cell and the bounds then hold but may not be attained. The limit also assumes readings independent between isolates, whatever their sampling units share.",
trimethoprim,collection_membership,collection_membership,lineage share of the call among the represented lineages,observed and typed subset,677,30,,,,observed and typed subset,,0.2834491788809066,0.21853037328025307,0.36176800435922607,,0.001,0.0034451449013949017,yes,"95% interval for the represented lineages (isolates drawn again, lineages fixed)",computed,,proportion,"Isolates of a lineage drawn independently from its distribution, whatever their sampling units share; the p-value assumes lineage labels exchangeable within each level of isolation_country under the null.",Lineage structure established (share 0.283; 95 % interval 0.219 to 0.362; p ≤ 0.001; q 0.003; lower bound 0.020; lower confidence limit 0.000).
trimethoprim,call_latent_bounds,call_latent_bounds,lineage share of the latent ordering,observed and typed subset,677,30,,,,observed and typed subset,,,0.01994551399137757,1.0,,,,,"bounds the readings allow; not a confidence interval; lower end established by the readings; upper end a certified bound, not sharp",computed,The largest share attained by an arrangement of the lineages inside the readings is 0.762,proportion,Every reading holds the latent MIC it stands for (a call: the side of its cut-off); the latent MIC is continuous within a stratum; lineages of one isolate set aside. No distributional form for the latent values. The bounds are sharp where the distinct readings of each stratum are disjoint; overlapping readings are merged into one cell and the bounds then hold but may not be attained.,
trimethoprim,call_latent_lower_limit,call_latent_lower_limit,lineage share of the latent ordering,observed and typed subset,677,30,,,,observed and typed subset,,,0.0,,,,,,"one-sided 95% lower confidence limit for the lower bound, and so for the share",computed,,proportion,"Every reading holds the latent MIC it stands for (a call: the side of its cut-off); the latent MIC is continuous within a stratum; lineages of one isolate set aside. No distributional form for the latent values. The bounds are sharp where the distinct readings of each stratum are disjoint; overlapping readings are merged into one cell and the bounds then hold but may not be attained. The limit also assumes readings independent between isolates, whatever their sampling units share.",
tylosin,collection_membership,collection_membership,lineage share of the call among the represented lineages,observed and typed subset,677,30,,,,observed and typed subset,,0.15109701537727416,0.09968190633322965,0.2010106900440905,,0.001,0.0034451449013949017,yes,"95% interval for the represented lineages (isolates drawn again, lineages fixed)",computed,,proportion,"Isolates of a lineage drawn independently from its distribution, whatever their sampling units share; the p-value assumes lineage labels exchangeable within each level of isolation_country under the null.",Lineage structure established (share 0.151; 95 % interval 0.100 to 0.201; p ≤ 0.001; q 0.003; lower bound 0.000; lower confidence limit 0.000).
tylosin,call_latent_bounds,call_latent_bounds,lineage share of the latent ordering,observed and typed subset,677,30,,,,observed and typed subset,,,0.0003917075557333754,1.0,,,,,"bounds the readings allow; not a confidence interval; lower end established by the readings; upper end a certified bound, not sharp",computed,The largest share attained by an arrangement of the lineages inside the readings is 0.644,proportion,Every reading holds the latent MIC it stands for (a call: the side of its cut-off); the latent MIC is continuous within a stratum; lineages of one isolate set aside. No distributional form for the latent values. The bounds are sharp where the distinct readings of each stratum are disjoint; overlapping readings are merged into one cell and the bounds then hold but may not be attained.,
tylosin,call_latent_lower_limit,call_latent_lower_limit,lineage share of the latent ordering,observed and typed subset,677,30,,,,observed and typed subset,,,0.0,,,,,,"one-sided 95% lower confidence limit for the lower bound, and so for the share",computed,,proportion,"Every reading holds the latent MIC it stands for (a call: the side of its cut-off); the latent MIC is continuous within a stratum; lineages of one isolate set aside. No distributional form for the latent values. The bounds are sharp where the distinct readings of each stratum are disjoint; overlapping readings are merged into one cell and the bounds then hold but may not be attained. The limit also assumes readings independent between isolates, whatever their sampling units share.",
amoxicillin,mic_order,lineage share of the within-stratum mid-distribution score,lineage share of the recorded within-stratum MIC ordering among the represented lineages,readable and typed MIC subset,677,30,,,,readable and typed MIC subset,,0.3108951036048625,0.2116269905097306,0.41675856308099074,,0.001,0.003380728993228994,yes,"95% interval for the represented lineages (isolates drawn again, lineages fixed)",computed,,proportion,"No distributional form for the readings; readings scored within each level of testing_laboratory × isolation_country; isolates of a lineage drawn independently from its distribution, whatever their sampling units share. MIC units: mg/L",Lineage structure established (share 0.311; 95 % interval 0.212 to 0.417; p ≤ 0.001; q 0.003; lower bound 0.038; lower confidence limit 0.001).
amoxicillin,mic_latent_bounds,lineage share of the within-stratum mid-distribution score,lineage share of the latent ordering,readable and typed MIC subset,677,30,,,,readable and typed MIC subset,,,0.0380851783441778,1.0,,,,,"bounds the readings allow; not a confidence interval; lower end established by the readings; upper end a certified bound, not sharp",computed,The largest share attained by an arrangement of the lineages inside the readings is 0.860,proportion,Every reading holds the latent MIC it stands for (a call: the side of its cut-off); the latent MIC is continuous within a stratum; lineages of one isolate set aside. No distributional form for the latent values. The bounds are sharp where the distinct readings of each stratum are disjoint; overlapping readings are merged into one cell and the bounds then hold but may not be attained.,
amoxicillin,mic_latent_lower_limit,lineage share of the within-stratum mid-distribution score,lineage share of the latent ordering,readable and typed MIC subset,677,30,,,,readable and typed MIC subset,,,0.0006435638555762615,,,,,,"one-sided 95% lower confidence limit for the lower bound, and so for the share",computed,,proportion,"Every reading holds the latent MIC it stands for (a call: the side of its cut-off); the latent MIC is continuous within a stratum; lineages of one isolate set aside. No distributional form for the latent values. The bounds are sharp where the distinct readings of each stratum are disjoint; overlapping readings are merged into one cell and the bounds then hold but may not be attained. The limit also assumes readings independent between isolates, whatever their sampling units share.",
cefquinome,mic_order,lineage share of the within-stratum mid-distribution score,lineage share of the recorded within-stratum MIC ordering among the represented lineages,readable and typed MIC subset,677,30,,,,readable and typed MIC subset,,0.37971069077394376,0.31867565095537026,0.44154093437639463,,0.001,0.003380728993228994,yes,"95% interval for the represented lineages (isolates drawn again, lineages fixed)",computed,,proportion,"No distributional form for the readings; readings scored within each level of testing_laboratory × isolation_country; isolates of a lineage drawn independently from its distribution, whatever their sampling units share. MIC units: mg/L",Lineage structure established (share 0.380; 95 % interval 0.319 to 0.442; p ≤ 0.001; q 0.003; lower bound 0.198; lower confidence limit 0.079).
cefquinome,mic_latent_bounds,lineage share of the within-stratum mid-distribution score,lineage share of the latent ordering,readable and typed MIC subset,677,30,,,,readable and typed MIC subset,,,0.1977308632072441,0.692378467138759,,,,,"bounds the readings allow; not a confidence interval; lower end established by the readings; upper end a certified bound, not sharp",computed,The largest share attained by an arrangement of the lineages inside the readings is 0.596,proportion,Every reading holds the latent MIC it stands for (a call: the side of its cut-off); the latent MIC is continuous within a stratum; lineages of one isolate set aside. No distributional form for the latent values. The bounds are sharp where the distinct readings of each stratum are disjoint; overlapping readings are merged into one cell and the bounds then hold but may not be attained.,
cefquinome,mic_latent_lower_limit,lineage share of the within-stratum mid-distribution score,lineage share of the latent ordering,readable and typed MIC subset,677,30,,,,readable and typed MIC subset,,,0.07920828353257503,,,,,,"one-sided 95% lower confidence limit for the lower bound, and so for the share",computed,,proportion,"Every reading holds the latent MIC it stands for (a call: the side of its cut-off); the latent MIC is continuous within a stratum; lineages of one isolate set aside. No distributional form for the latent values. The bounds are sharp where the distinct readings of each stratum are disjoint; overlapping readings are merged into one cell and the bounds then hold but may not be attained. The limit also assumes readings independent between isolates, whatever their sampling units share.",
ceftiofur,mic_order,lineage share of the within-stratum mid-distribution score,lineage share of the recorded within-stratum MIC ordering among the represented lineages,readable and typed MIC subset,677,30,,,,readable and typed MIC subset,,0.48450202029726785,0.42434252036327946,0.5507950714260142,,0.001,0.003380728993228994,yes,"95% interval for the represented lineages (isolates drawn again, lineages fixed)",computed,,proportion,"No distributional form for the readings; readings scored within each level of testing_laboratory × isolation_country; isolates of a lineage drawn independently from its distribution, whatever their sampling units share. MIC units: mg/L",Lineage structure established (share 0.485; 95 % interval 0.424 to 0.551; p ≤ 0.001; q 0.003; lower bound 0.255; lower confidence limit 0.128).
ceftiofur,mic_latent_bounds,lineage share of the within-stratum mid-distribution score,lineage share of the latent ordering,readable and typed MIC subset,677,30,,,,readable and typed MIC subset,,,0.25464999409097433,0.8448652147935956,,,,,"bounds the readings allow; not a confidence interval; lower end established by the readings; upper end a certified bound, not sharp",computed,The largest share attained by an arrangement of the lineages inside the readings is 0.704,proportion,Every reading holds the latent MIC it stands for (a call: the side of its cut-off); the latent MIC is continuous within a stratum; lineages of one isolate set aside. No distributional form for the latent values. The bounds are sharp where the distinct readings of each stratum are disjoint; overlapping readings are merged into one cell and the bounds then hold but may not be attained.,
ceftiofur,mic_latent_lower_limit,lineage share of the within-stratum mid-distribution score,lineage share of the latent ordering,readable and typed MIC subset,677,30,,,,readable and typed MIC subset,,,0.12813125274933646,,,,,,"one-sided 95% lower confidence limit for the lower bound, and so for the share",computed,,proportion,"Every reading holds the latent MIC it stands for (a call: the side of its cut-off); the latent MIC is continuous within a stratum; lineages of one isolate set aside. No distributional form for the latent values. The bounds are sharp where the distinct readings of each stratum are disjoint; overlapping readings are merged into one cell and the bounds then hold but may not be attained. The limit also assumes readings independent between isolates, whatever their sampling units share.",
doxycycline,mic_order,lineage share of the within-stratum mid-distribution score,lineage share of the recorded within-stratum MIC ordering among the represented lineages,readable and typed MIC subset,677,30,,,,readable and typed MIC subset,,0.13941453727111172,0.08936804473407894,0.1958349030813715,,0.001,0.003380728993228994,yes,"95% interval for the represented lineages (isolates drawn again, lineages fixed)",computed,,proportion,"No distributional form for the readings; readings scored within each level of testing_laboratory × isolation_country; isolates of a lineage drawn independently from its distribution, whatever their sampling units share. MIC units: mg/L",Lineage structure established (share 0.139; 95 % interval 0.089 to 0.196; p ≤ 0.001; q 0.003; lower bound 0.031; lower confidence limit 0.000).
doxycycline,mic_latent_bounds,lineage share of the within-stratum mid-distribution score,lineage share of the latent ordering,readable and typed MIC subset,677,30,,,,readable and typed MIC subset,,,0.030500836676107042,0.5937784896416587,,,,,"bounds the readings allow; not a confidence interval; lower end established by the readings; upper end a certified bound, not sharp",computed,The largest share attained by an arrangement of the lineages inside the readings is 0.435,proportion,Every reading holds the latent MIC it stands for (a call: the side of its cut-off); the latent MIC is continuous within a stratum; lineages of one isolate set aside. No distributional form for the latent values. The bounds are sharp where the distinct readings of each stratum are disjoint; overlapping readings are merged into one cell and the bounds then hold but may not be attained.,
doxycycline,mic_latent_lower_limit,lineage share of the within-stratum mid-distribution score,lineage share of the latent ordering,readable and typed MIC subset,677,30,,,,readable and typed MIC subset,,,0.0,,,,,,"one-sided 95% lower confidence limit for the lower bound, and so for the share",computed,,proportion,"Every reading holds the latent MIC it stands for (a call: the side of its cut-off); the latent MIC is continuous within a stratum; lineages of one isolate set aside. No distributional form for the latent values. The bounds are sharp where the distinct readings of each stratum are disjoint; overlapping readings are merged into one cell and the bounds then hold but may not be attained. The limit also assumes readings independent between isolates, whatever their sampling units share.",
enrofloxacin,mic_order,lineage share of the within-stratum mid-distribution score,lineage share of the recorded within-stratum MIC ordering among the represented lineages,readable and typed MIC subset,677,30,,,,readable and typed MIC subset,,0.2139402747338936,0.1566573631894675,0.2808440054245622,,0.001,0.003380728993228994,yes,"95% interval for the represented lineages (isolates drawn again, lineages fixed)",computed,,proportion,"No distributional form for the readings; readings scored within each level of testing_laboratory × isolation_country; isolates of a lineage drawn independently from its distribution, whatever their sampling units share. MIC units: mg/L",Lineage structure established (share 0.214; 95 % interval 0.157 to 0.281; p ≤ 0.001; q 0.003; lower bound 0.030; lower confidence limit 0.000).
enrofloxacin,mic_latent_bounds,lineage share of the within-stratum mid-distribution score,lineage share of the latent ordering,readable and typed MIC subset,677,30,,,,readable and typed MIC subset,,,0.03018467718960017,0.8561843331401062,,,,,"bounds the readings allow; not a confidence interval; lower end established by the readings; upper end a certified bound, not sharp",computed,The largest share attained by an arrangement of the lineages inside the readings is 0.577,proportion,Every reading holds the latent MIC it stands for (a call: the side of its cut-off); the latent MIC is continuous within a stratum; lineages of one isolate set aside. No distributional form for the latent values. The bounds are sharp where the distinct readings of each stratum are disjoint; overlapping readings are merged into one cell and the bounds then hold but may not be attained.,
enrofloxacin,mic_latent_lower_limit,lineage share of the within-stratum mid-distribution score,lineage share of the latent ordering,readable and typed MIC subset,677,30,,,,readable and typed MIC subset,,,0.0,,,,,,"one-sided 95% lower confidence limit for the lower bound, and so for the share",computed,,proportion,"Every reading holds the latent MIC it stands for (a call: the side of its cut-off); the latent MIC is continuous within a stratum; lineages of one isolate set aside. No distributional form for the latent values. The bounds are sharp where the distinct readings of each stratum are disjoint; overlapping readings are merged into one cell and the bounds then hold but may not be attained. The limit also assumes readings independent between isolates, whatever their sampling units share.",
erythromycin,mic_order,lineage share of the within-stratum mid-distribution score,lineage share of the recorded within-stratum MIC ordering among the represented lineages,readable and typed MIC subset,677,30,,,,readable and typed MIC subset,,0.10585525818571938,0.06271984458704359,0.1553348342978822,,0.001,0.003380728993228994,yes,"95% interval for the represented lineages (isolates drawn again, lineages fixed)",computed,,proportion,"No distributional form for the readings; readings scored within each level of testing_laboratory × isolation_country; isolates of a lineage drawn independently from its distribution, whatever their sampling units share. MIC units: mg/L",Lineage structure established (share 0.106; 95 % interval 0.063 to 0.155; p ≤ 0.001; q 0.003; lower bound 0.011; lower confidence limit 0.000).
erythromycin,mic_latent_bounds,lineage share of the within-stratum mid-distribution score,lineage share of the latent ordering,readable and typed MIC subset,677,30,,,,readable and typed MIC subset,,,0.010716766735704661,0.5166724271120762,,,,,"bounds the readings allow; not a confidence interval; lower end established by the readings; upper end a certified bound, not sharp",computed,The largest share attained by an arrangement of the lineages inside the readings is 0.382,proportion,Every reading holds the latent MIC it stands for (a call: the side of its cut-off); the latent MIC is continuous within a stratum; lineages of one isolate set aside. No distributional form for the latent values. The bounds are sharp where the distinct readings of each stratum are disjoint; overlapping readings are merged into one cell and the bounds then hold but may not be attained.,
erythromycin,mic_latent_lower_limit,lineage share of the within-stratum mid-distribution score,lineage share of the latent ordering,readable and typed MIC subset,677,30,,,,readable and typed MIC subset,,,0.0,,,,,,"one-sided 95% lower confidence limit for the lower bound, and so for the share",computed,,proportion,"Every reading holds the latent MIC it stands for (a call: the side of its cut-off); the latent MIC is continuous within a stratum; lineages of one isolate set aside. No distributional form for the latent values. The bounds are sharp where the distinct readings of each stratum are disjoint; overlapping readings are merged into one cell and the bounds then hold but may not be attained. The limit also assumes readings independent between isolates, whatever their sampling units share.",
florfenicol,mic_order,lineage share of the within-stratum mid-distribution score,lineage share of the recorded within-stratum MIC ordering among the represented lineages,readable and typed MIC subset,677,30,,,,readable and typed MIC subset,,0.22770466339636342,0.1684664397804535,0.2919739465511457,,0.001,0.003380728993228994,yes,"95% interval for the represented lineages (isolates drawn again, lineages fixed)",computed,,proportion,"No distributional form for the readings; readings scored within each level of testing_laboratory × isolation_country; isolates of a lineage drawn independently from its distribution, whatever their sampling units share. MIC units: mg/L",Lineage structure established (share 0.228; 95 % interval 0.168 to 0.292; p ≤ 0.001; q 0.003; lower bound 0.001; lower confidence limit 0.000).
florfenicol,mic_latent_bounds,lineage share of the within-stratum mid-distribution score,lineage share of the latent ordering,readable and typed MIC subset,677,30,,,,readable and typed MIC subset,,,0.0007139895285468516,1.0,,,,,"bounds the readings allow; not a confidence interval; lower end established by the readings; upper end a certified bound, not sharp",computed,The largest share attained by an arrangement of the lineages inside the readings is 0.812,proportion,Every reading holds the latent MIC it stands for (a call: the side of its cut-off); the latent MIC is continuous within a stratum; lineages of one isolate set aside. No distributional form for the latent values. The bounds are sharp where the distinct readings of each stratum are disjoint; overlapping readings are merged into one cell and the bounds then hold but may not be attained.,
florfenicol,mic_latent_lower_limit,lineage share of the within-stratum mid-distribution score,lineage share of the latent ordering,readable and typed MIC subset,677,30,,,,readable and typed MIC subset,,,0.0,,,,,,"one-sided 95% lower confidence limit for the lower bound, and so for the share",computed,,proportion,"Every reading holds the latent MIC it stands for (a call: the side of its cut-off); the latent MIC is continuous within a stratum; lineages of one isolate set aside. No distributional form for the latent values. The bounds are sharp where the distinct readings of each stratum are disjoint; overlapping readings are merged into one cell and the bounds then hold but may not be attained. The limit also assumes readings independent between isolates, whatever their sampling units share.",
lincomycin,mic_order,lineage share of the within-stratum mid-distribution score,lineage share of the recorded within-stratum MIC ordering among the represented lineages,readable and typed MIC subset,677,30,,,,readable and typed MIC subset,,0.23946915148120476,0.17192099516030732,0.30704463975948404,,0.001,0.003380728993228994,yes,"95% interval for the represented lineages (isolates drawn again, lineages fixed)",computed,,proportion,"No distributional form for the readings; readings scored within each level of testing_laboratory × isolation_country; isolates of a lineage drawn independently from its distribution, whatever their sampling units share. MIC units: mg/L",Lineage structure established (share 0.239; 95 % interval 0.172 to 0.307; p ≤ 0.001; q 0.003; lower bound 0.059; lower confidence limit 0.004).
lincomycin,mic_latent_bounds,lineage share of the within-stratum mid-distribution score,lineage share of the latent ordering,readable and typed MIC subset,677,30,,,,readable and typed MIC subset,,,0.05893132280517977,0.7983634694223958,,,,,"bounds the readings allow; not a confidence interval; lower end established by the readings; upper end a certified bound, not sharp",computed,The largest share attained by an arrangement of the lineages inside the readings is 0.596,proportion,Every reading holds the latent MIC it stands for (a call: the side of its cut-off); the latent MIC is continuous within a stratum; lineages of one isolate set aside. No distributional form for the latent values. The bounds are sharp where the distinct readings of each stratum are disjoint; overlapping readings are merged into one cell and the bounds then hold but may not be attained.,
lincomycin,mic_latent_lower_limit,lineage share of the within-stratum mid-distribution score,lineage share of the latent ordering,readable and typed MIC subset,677,30,,,,readable and typed MIC subset,,,0.00440303649665765,,,,,,"one-sided 95% lower confidence limit for the lower bound, and so for the share",computed,,proportion,"Every reading holds the latent MIC it stands for (a call: the side of its cut-off); the latent MIC is continuous within a stratum; lineages of one isolate set aside. No distributional form for the latent values. The bounds are sharp where the distinct readings of each stratum are disjoint; overlapping readings are merged into one cell and the bounds then hold but may not be attained. The limit also assumes readings independent between isolates, whatever their sampling units share.",
marbofloxacin,mic_order,lineage share of the within-stratum mid-distribution score,lineage share of the recorded within-stratum MIC ordering among the represented lineages,readable and typed MIC subset,677,30,,,,readable and typed MIC subset,,0.15807510041680378,0.10478100591111417,0.21969171876367483,,0.001,0.003380728993228994,yes,"95% interval for the represented lineages (isolates drawn again, lineages fixed)",computed,,proportion,"No distributional form for the readings; readings scored within each level of testing_laboratory × isolation_country; isolates of a lineage drawn independently from its distribution, whatever their sampling units share. MIC units: mg/L",Lineage structure established (share 0.158; 95 % interval 0.105 to 0.220; p ≤ 0.001; q 0.003; lower bound 0.011; lower confidence limit 0.000).
marbofloxacin,mic_latent_bounds,lineage share of the within-stratum mid-distribution score,lineage share of the latent ordering,readable and typed MIC subset,677,30,,,,readable and typed MIC subset,,,0.011447383106260709,0.7473885652939329,,,,,"bounds the readings allow; not a confidence interval; lower end established by the readings; upper end a certified bound, not sharp",computed,The largest share attained by an arrangement of the lineages inside the readings is 0.506,proportion,Every reading holds the latent MIC it stands for (a call: the side of its cut-off); the latent MIC is continuous within a stratum; lineages of one isolate set aside. No distributional form for the latent values. The bounds are sharp where the distinct readings of each stratum are disjoint; overlapping readings are merged into one cell and the bounds then hold but may not be attained.,
marbofloxacin,mic_latent_lower_limit,lineage share of the within-stratum mid-distribution score,lineage share of the latent ordering,readable and typed MIC subset,677,30,,,,readable and typed MIC subset,,,0.0,,,,,,"one-sided 95% lower confidence limit for the lower bound, and so for the share",computed,,proportion,"Every reading holds the latent MIC it stands for (a call: the side of its cut-off); the latent MIC is continuous within a stratum; lineages of one isolate set aside. No distributional form for the latent values. The bounds are sharp where the distinct readings of each stratum are disjoint; overlapping readings are merged into one cell and the bounds then hold but may not be attained. The limit also assumes readings independent between isolates, whatever their sampling units share.",
penicillin,mic_order,lineage share of the within-stratum mid-distribution score,lineage share of the recorded within-stratum MIC ordering among the represented lineages,readable and typed MIC subset,677,30,,,,readable and typed MIC subset,,0.5437609967825744,0.48277891985534804,0.6021194080000872,,0.001,0.003380728993228994,yes,"95% interval for the represented lineages (isolates drawn again, lineages fixed)",computed,,proportion,"No distributional form for the readings; readings scored within each level of testing_laboratory × isolation_country; isolates of a lineage drawn independently from its distribution, whatever their sampling units share. MIC units: mg/L",Lineage structure established (share 0.544; 95 % interval 0.483 to 0.602; p ≤ 0.001; q 0.003; lower bound 0.220; lower confidence limit 0.115).
penicillin,mic_latent_bounds,lineage share of the within-stratum mid-distribution score,lineage share of the latent ordering,readable and typed MIC subset,677,30,,,,readable and typed MIC subset,,,0.2200144171286893,1.0,,,,,"bounds the readings allow; not a confidence interval; lower end established by the readings; upper end a certified bound, not sharp",computed,The largest share attained by an arrangement of the lineages inside the readings is 0.817,proportion,Every reading holds the latent MIC it stands for (a call: the side of its cut-off); the latent MIC is continuous within a stratum; lineages of one isolate set aside. No distributional form for the latent values. The bounds are sharp where the distinct readings of each stratum are disjoint; overlapping readings are merged into one cell and the bounds then hold but may not be attained.,
penicillin,mic_latent_lower_limit,lineage share of the within-stratum mid-distribution score,lineage share of the latent ordering,readable and typed MIC subset,677,30,,,,readable and typed MIC subset,,,0.11509421941354042,,,,,,"one-sided 95% lower confidence limit for the lower bound, and so for the share",computed,,proportion,"Every reading holds the latent MIC it stands for (a call: the side of its cut-off); the latent MIC is continuous within a stratum; lineages of one isolate set aside. No distributional form for the latent values. The bounds are sharp where the distinct readings of each stratum are disjoint; overlapping readings are merged into one cell and the bounds then hold but may not be attained. The limit also assumes readings independent between isolates, whatever their sampling units share.",
spectinomycin,mic_order,lineage share of the within-stratum mid-distribution score,lineage share of the recorded within-stratum MIC ordering among the represented lineages,readable and typed MIC subset,677,30,,,,readable and typed MIC subset,,0.19228191864766406,0.13314111038324916,0.2563825339559138,,0.001,0.003380728993228994,yes,"95% interval for the represented lineages (isolates drawn again, lineages fixed)",computed,,proportion,"No distributional form for the readings; readings scored within each level of testing_laboratory × isolation_country; isolates of a lineage drawn independently from its distribution, whatever their sampling units share. MIC units: mg/L",Lineage structure established (share 0.192; 95 % interval 0.133 to 0.256; p ≤ 0.001; q 0.003; lower bound 0.055; lower confidence limit 0.000).
spectinomycin,mic_latent_bounds,lineage share of the within-stratum mid-distribution score,lineage share of the latent ordering,readable and typed MIC subset,677,30,,,,readable and typed MIC subset,,,0.05524454076394037,0.7130749900280227,,,,,"bounds the readings allow; not a confidence interval; lower end established by the readings; upper end a certified bound, not sharp",computed,The largest share attained by an arrangement of the lineages inside the readings is 0.524,proportion,Every reading holds the latent MIC it stands for (a call: the side of its cut-off); the latent MIC is continuous within a stratum; lineages of one isolate set aside. No distributional form for the latent values. The bounds are sharp where the distinct readings of each stratum are disjoint; overlapping readings are merged into one cell and the bounds then hold but may not be attained.,
spectinomycin,mic_latent_lower_limit,lineage share of the within-stratum mid-distribution score,lineage share of the latent ordering,readable and typed MIC subset,677,30,,,,readable and typed MIC subset,,,0.0,,,,,,"one-sided 95% lower confidence limit for the lower bound, and so for the share",computed,,proportion,"Every reading holds the latent MIC it stands for (a call: the side of its cut-off); the latent MIC is continuous within a stratum; lineages of one isolate set aside. No distributional form for the latent values. The bounds are sharp where the distinct readings of each stratum are disjoint; overlapping readings are merged into one cell and the bounds then hold but may not be attained. The limit also assumes readings independent between isolates, whatever their sampling units share.",
tetracycline,mic_order,lineage share of the within-stratum mid-distribution score,lineage share of the recorded within-stratum MIC ordering among the represented lineages,readable and typed MIC subset,677,30,,,,readable and typed MIC subset,,0.10650661645620411,0.05995134187959763,0.1603932290914327,,0.001,0.003380728993228994,yes,"95% interval for the represented lineages (isolates drawn again, lineages fixed)",computed,,proportion,"No distributional form for the readings; readings scored within each level of testing_laboratory × isolation_country; isolates of a lineage drawn independently from its distribution, whatever their sampling units share. MIC units: mg/L",Lineage structure established (share 0.107; 95 % interval 0.060 to 0.160; p ≤ 0.001; q 0.003; lower bound 0.010; lower confidence limit 0.000).
tetracycline,mic_latent_bounds,lineage share of the within-stratum mid-distribution score,lineage share of the latent ordering,readable and typed MIC subset,677,30,,,,readable and typed MIC subset,,,0.009862629379059804,0.611830713051422,,,,,"bounds the readings allow; not a confidence interval; lower end established by the readings; upper end a certified bound, not sharp",computed,The largest share attained by an arrangement of the lineages inside the readings is 0.438,proportion,Every reading holds the latent MIC it stands for (a call: the side of its cut-off); the latent MIC is continuous within a stratum; lineages of one isolate set aside. No distributional form for the latent values. The bounds are sharp where the distinct readings of each stratum are disjoint; overlapping readings are merged into one cell and the bounds then hold but may not be attained.,
tetracycline,mic_latent_lower_limit,lineage share of the within-stratum mid-distribution score,lineage share of the latent ordering,readable and typed MIC subset,677,30,,,,readable and typed MIC subset,,,0.0,,,,,,"one-sided 95% lower confidence limit for the lower bound, and so for the share",computed,,proportion,"Every reading holds the latent MIC it stands for (a call: the side of its cut-off); the latent MIC is continuous within a stratum; lineages of one isolate set aside. No distributional form for the latent values. The bounds are sharp where the distinct readings of each stratum are disjoint; overlapping readings are merged into one cell and the bounds then hold but may not be attained. The limit also assumes readings independent between isolates, whatever their sampling units share.",
tiamulin,mic_order,lineage share of the within-stratum mid-distribution score,lineage share of the recorded within-stratum MIC ordering among the represented lineages,readable and typed MIC subset,677,30,,,,readable and typed MIC subset,,0.46227171532737277,0.39164814948384685,0.5434285283275659,,0.001,0.003380728993228994,yes,"95% interval for the represented lineages (isolates drawn again, lineages fixed)",computed,,proportion,"No distributional form for the readings; readings scored within each level of testing_laboratory × isolation_country; isolates of a lineage drawn independently from its distribution, whatever their sampling units share. MIC units: mg/L",Lineage structure established (share 0.462; 95 % interval 0.392 to 0.543; p ≤ 0.001; q 0.003; lower bound 0.351; lower confidence limit 0.215).
tiamulin,mic_latent_bounds,lineage share of the within-stratum mid-distribution score,lineage share of the latent ordering,readable and typed MIC subset,677,30,,,,readable and typed MIC subset,,,0.35104174586975634,0.6373896405467212,,,,,"bounds the readings allow; not a confidence interval; lower end established by the readings; upper end a certified bound, not sharp",computed,The largest share attained by an arrangement of the lineages inside the readings is 0.593,proportion,Every reading holds the latent MIC it stands for (a call: the side of its cut-off); the latent MIC is continuous within a stratum; lineages of one isolate set aside. No distributional form for the latent values. The bounds are sharp where the distinct readings of each stratum are disjoint; overlapping readings are merged into one cell and the bounds then hold but may not be attained.,
tiamulin,mic_latent_lower_limit,lineage share of the within-stratum mid-distribution score,lineage share of the latent ordering,readable and typed MIC subset,677,30,,,,readable and typed MIC subset,,,0.21479248390328715,,,,,,"one-sided 95% lower confidence limit for the lower bound, and so for the share",computed,,proportion,"Every reading holds the latent MIC it stands for (a call: the side of its cut-off); the latent MIC is continuous within a stratum; lineages of one isolate set aside. No distributional form for the latent values. The bounds are sharp where the distinct readings of each stratum are disjoint; overlapping readings are merged into one cell and the bounds then hold but may not be attained. The limit also assumes readings independent between isolates, whatever their sampling units share.",
tilmicosin,mic_order,lineage share of the within-stratum mid-distribution score,lineage share of the recorded within-stratum MIC ordering among the represented lineages,readable and typed MIC subset,677,30,,,,readable and typed MIC subset,,0.15753268302286141,0.10978765936341231,0.21261534738986476,,0.001,0.003380728993228994,yes,"95% interval for the represented lineages (isolates drawn again, lineages fixed)",computed,,proportion,"No distributional form for the readings; readings scored within each level of testing_laboratory × isolation_country; isolates of a lineage drawn independently from its distribution, whatever their sampling units share. MIC units: mg/L",Lineage structure established (share 0.158; 95 % interval 0.110 to 0.213; p ≤ 0.001; q 0.003; lower bound 0.006; lower confidence limit 0.000).
tilmicosin,mic_latent_bounds,lineage share of the within-stratum mid-distribution score,lineage share of the latent ordering,readable and typed MIC subset,677,30,,,,readable and typed MIC subset,,,0.006481546020405524,0.8686209855450813,,,,,"bounds the readings allow; not a confidence interval; lower end established by the readings; upper end a certified bound, not sharp",computed,The largest share attained by an arrangement of the lineages inside the readings is 0.589,proportion,Every reading holds the latent MIC it stands for (a call: the side of its cut-off); the latent MIC is continuous within a stratum; lineages of one isolate set aside. No distributional form for the latent values. The bounds are sharp where the distinct readings of each stratum are disjoint; overlapping readings are merged into one cell and the bounds then hold but may not be attained.,
tilmicosin,mic_latent_lower_limit,lineage share of the within-stratum mid-distribution score,lineage share of the latent ordering,readable and typed MIC subset,677,30,,,,readable and typed MIC subset,,,0.0,,,,,,"one-sided 95% lower confidence limit for the lower bound, and so for the share",computed,,proportion,"Every reading holds the latent MIC it stands for (a call: the side of its cut-off); the latent MIC is continuous within a stratum; lineages of one isolate set aside. No distributional form for the latent values. The bounds are sharp where the distinct readings of each stratum are disjoint; overlapping readings are merged into one cell and the bounds then hold but may not be attained. The limit also assumes readings independent between isolates, whatever their sampling units share.",
trimethoprim,mic_order,lineage share of the within-stratum mid-distribution score,lineage share of the recorded within-stratum MIC ordering among the represented lineages,readable and typed MIC subset,677,30,,,,readable and typed MIC subset,,0.24726315781183403,0.1875983564370634,0.3131874962541397,,0.001,0.003380728993228994,yes,"95% interval for the represented lineages (isolates drawn again, lineages fixed)",computed,,proportion,"No distributional form for the readings; readings scored within each level of testing_laboratory × isolation_country; isolates of a lineage drawn independently from its distribution, whatever their sampling units share. MIC units: mg/L",Lineage structure established (share 0.247; 95 % interval 0.188 to 0.313; p ≤ 0.001; q 0.003; lower bound 0.181; lower confidence limit 0.064).
trimethoprim,mic_latent_bounds,lineage share of the within-stratum mid-distribution score,lineage share of the latent ordering,readable and typed MIC subset,677,30,,,,readable and typed MIC subset,,,0.1808368507938578,0.3859733988756975,,,,,"bounds the readings allow; not a confidence interval; lower end established by the readings; upper end a certified bound, not sharp",computed,The largest share attained by an arrangement of the lineages inside the readings is 0.365,proportion,Every reading holds the latent MIC it stands for (a call: the side of its cut-off); the latent MIC is continuous within a stratum; lineages of one isolate set aside. No distributional form for the latent values. The bounds are sharp where the distinct readings of each stratum are disjoint; overlapping readings are merged into one cell and the bounds then hold but may not be attained.,
trimethoprim,mic_latent_lower_limit,lineage share of the within-stratum mid-distribution score,lineage share of the latent ordering,readable and typed MIC subset,677,30,,,,readable and typed MIC subset,,,0.06410732732071397,,,,,,"one-sided 95% lower confidence limit for the lower bound, and so for the share",computed,,proportion,"Every reading holds the latent MIC it stands for (a call: the side of its cut-off); the latent MIC is continuous within a stratum; lineages of one isolate set aside. No distributional form for the latent values. The bounds are sharp where the distinct readings of each stratum are disjoint; overlapping readings are merged into one cell and the bounds then hold but may not be attained. The limit also assumes readings independent between isolates, whatever their sampling units share.",
tylosin,mic_order,lineage share of the within-stratum mid-distribution score,lineage share of the recorded within-stratum MIC ordering among the represented lineages,readable and typed MIC subset,677,30,,,,readable and typed MIC subset,,0.13038666663210643,0.08171583886480588,0.18078230662603156,,0.001,0.003380728993228994,yes,"95% interval for the represented lineages (isolates drawn again, lineages fixed)",computed,,proportion,"No distributional form for the readings; readings scored within each level of testing_laboratory × isolation_country; isolates of a lineage drawn independently from its distribution, whatever their sampling units share. MIC units: mg/L",Lineage structure established (share 0.130; 95 % interval 0.082 to 0.181; p ≤ 0.001; q 0.003; lower bound 0.005; lower confidence limit 0.000).
tylosin,mic_latent_bounds,lineage share of the within-stratum mid-distribution score,lineage share of the latent ordering,readable and typed MIC subset,677,30,,,,readable and typed MIC subset,,,0.005039056012899898,0.73149669821166,,,,,"bounds the readings allow; not a confidence interval; lower end established by the readings; upper end a certified bound, not sharp",computed,The largest share attained by an arrangement of the lineages inside the readings is 0.508,proportion,Every reading holds the latent MIC it stands for (a call: the side of its cut-off); the latent MIC is continuous within a stratum; lineages of one isolate set aside. No distributional form for the latent values. The bounds are sharp where the distinct readings of each stratum are disjoint; overlapping readings are merged into one cell and the bounds then hold but may not be attained.,
tylosin,mic_latent_lower_limit,lineage share of the within-stratum mid-distribution score,lineage share of the latent ordering,readable and typed MIC subset,677,30,,,,readable and typed MIC subset,,,0.0,,,,,,"one-sided 95% lower confidence limit for the lower bound, and so for the share",computed,,proportion,"Every reading holds the latent MIC it stands for (a call: the side of its cut-off); the latent MIC is continuous within a stratum; lineages of one isolate set aside. No distributional form for the latent values. The bounds are sharp where the distinct readings of each stratum are disjoint; overlapping readings are merged into one cell and the bounds then hold but may not be attained. The limit also assumes readings independent between isolates, whatever their sampling units share.",
amoxicillin,lineage_evidence,lineage_evidence,evidence against lineage-independent binary outcomes,observed and typed subset,677,30,,,,observed and typed subset,,164299.3879429687,,,12.009445578777816,,,yes,e-value; not an effect size,computed,,e-value,Held-out Bernoulli likelihood under the stated null; training data separate from evaluation.,
cefquinome,lineage_evidence,lineage_evidence,evidence against lineage-independent binary outcomes,observed and typed subset,677,30,,,,observed and typed subset,,1910.567196316408,,,7.555155438378563,,,yes,e-value; not an effect size,computed,,e-value,Held-out Bernoulli likelihood under the stated null; training data separate from evaluation.,
ceftiofur,lineage_evidence,lineage_evidence,evidence against lineage-independent binary outcomes,observed and typed subset,677,30,,,,observed and typed subset,,1.3663245336459978e+18,,,41.75865598635974,,,yes,e-value; not an effect size,computed,,e-value,Held-out Bernoulli likelihood under the stated null; training data separate from evaluation.,
doxycycline,lineage_evidence,lineage_evidence,evidence against lineage-independent binary outcomes,observed and typed subset,677,30,,,,observed and typed subset,,2.6759917132095015,,,0.9843200455532282,,,no,e-value; not an effect size,computed,,e-value,Held-out Bernoulli likelihood under the stated null; training data separate from evaluation.,
erythromycin,lineage_evidence,lineage_evidence,evidence against lineage-independent binary outcomes,observed and typed subset,677,30,,,,observed and typed subset,,75396.54346059354,,,11.23051671024754,,,yes,e-value; not an effect size,computed,,e-value,Held-out Bernoulli likelihood under the stated null; training data separate from evaluation.,
lincomycin,lineage_evidence,lineage_evidence,evidence against lineage-independent binary outcomes,observed and typed subset,677,30,,,,observed and typed subset,,195655724.93756548,,,19.091867167309722,,,yes,e-value; not an effect size,computed,,e-value,Held-out Bernoulli likelihood under the stated null; training data separate from evaluation.,
penicillin,lineage_evidence,lineage_evidence,evidence against lineage-independent binary outcomes,observed and typed subset,677,30,,,,observed and typed subset,,4.672687961715005e+19,,,45.29085125365168,,,yes,e-value; not an effect size,computed,,e-value,Held-out Bernoulli likelihood under the stated null; training data separate from evaluation.,
spectinomycin,lineage_evidence,lineage_evidence,evidence against lineage-independent binary outcomes,observed and typed subset,677,30,,,,observed and typed subset,,2304.761175395688,,,7.742732338520701,,,yes,e-value; not an effect size,computed,,e-value,Held-out Bernoulli likelihood under the stated null; training data separate from evaluation.,
tetracycline,lineage_evidence,lineage_evidence,evidence against lineage-independent binary outcomes,observed and typed subset,677,30,,,,observed and typed subset,,2.0115010222438765,,,0.6988812206073662,,,no,e-value; not an effect size,computed,,e-value,Held-out Bernoulli likelihood under the stated null; training data separate from evaluation.,
tiamulin,lineage_evidence,lineage_evidence,evidence against lineage-independent binary outcomes,observed and typed subset,677,30,,,,observed and typed subset,,242804214768811.47,,,33.1232765339781,,,yes,e-value; not an effect size,computed,,e-value,Held-out Bernoulli likelihood under the stated null; training data separate from evaluation.,
tilmicosin,lineage_evidence,lineage_evidence,evidence against lineage-independent binary outcomes,observed and typed subset,677,30,,,,observed and typed subset,,36063.60056412422,,,10.493039341027396,,,yes,e-value; not an effect size,computed,,e-value,Held-out Bernoulli likelihood under the stated null; training data separate from evaluation.,
trimethoprim,lineage_evidence,lineage_evidence,evidence against lineage-independent binary outcomes,observed and typed subset,677,30,,,,observed and typed subset,,11057925776.466143,,,23.12641327263725,,,yes,e-value; not an effect size,computed,,e-value,Held-out Bernoulli likelihood under the stated null; training data separate from evaluation.,
tylosin,lineage_evidence,lineage_evidence,evidence against lineage-independent binary outcomes,observed and typed subset,677,30,,,,observed and typed subset,,58504.25562570837,,,10.97685477631271,,,yes,e-value; not an effect size,computed,,e-value,Held-out Bernoulli likelihood under the stated null; training data separate from evaluation.,
amoxicillin,sequential_lineage_evidence,sequential_lineage_evidence,final cumulative evidence for lineage dependence,readable typed outcomes in prespecified ordered batches,651,,,,,readable typed outcomes in prespecified ordered batches,2016,1.523711537060663e-07,,,-15.696946491753534,,,,e-process final look; not an effect size,computed,,e-value,Disjoint batches; common-probability conditionally independent Bernoulli null within each batch; past-only training. Panel stopping requires joint-filtration validity; repeated rejection unions are not controlled.,
cefquinome,sequential_lineage_evidence,sequential_lineage_evidence,final cumulative evidence for lineage dependence,readable typed outcomes in prespecified ordered batches,651,,,,,readable typed outcomes in prespecified ordered batches,2016,4.4572306219406216e-05,,,-10.018397828583955,,,,e-process final look; not an effect size,computed,,e-value,Disjoint batches; common-probability conditionally independent Bernoulli null within each batch; past-only training. Panel stopping requires joint-filtration validity; repeated rejection unions are not controlled.,
ceftiofur,sequential_lineage_evidence,sequential_lineage_evidence,final cumulative evidence for lineage dependence,readable typed outcomes in prespecified ordered batches,651,,,,,readable typed outcomes in prespecified ordered batches,2016,5.443796828828791e+26,,,61.56168918173755,,,,e-process final look; not an effect size,computed,,e-value,Disjoint batches; common-probability conditionally independent Bernoulli null within each batch; past-only training. Panel stopping requires joint-filtration validity; repeated rejection unions are not controlled.,
doxycycline,sequential_lineage_evidence,sequential_lineage_evidence,final cumulative evidence for lineage dependence,readable typed outcomes in prespecified ordered batches,651,,,,,readable typed outcomes in prespecified ordered batches,2016,7.266461577299827e-43,,,-97.02788954132268,,,,e-process final look; not an effect size,computed,,e-value,Disjoint batches; common-probability conditionally independent Bernoulli null within each batch; past-only training. Panel stopping requires joint-filtration validity; repeated rejection unions are not controlled.,
erythromycin,sequential_lineage_evidence,sequential_lineage_evidence,final cumulative evidence for lineage dependence,readable typed outcomes in prespecified ordered batches,651,,,,,readable typed outcomes in prespecified ordered batches,2016,2.2980284891390556e-46,,,-105.08686270101387,,,,e-process final look; not an effect size,computed,,e-value,Disjoint batches; common-probability conditionally independent Bernoulli null within each batch; past-only training. Panel stopping requires joint-filtration validity; repeated rejection unions are not controlled.,
lincomycin,sequential_lineage_evidence,sequential_lineage_evidence,final cumulative evidence for lineage dependence,readable typed outcomes in prespecified ordered batches,651,,,,,readable typed outcomes in prespecified ordered batches,2016,2.5092694213360107e-41,,,-93.48599716917727,,,,e-process final look; not an effect size,computed,,e-value,Disjoint batches; common-probability conditionally independent Bernoulli null within each batch; past-only training. Panel stopping requires joint-filtration validity; repeated rejection unions are not controlled.,
penicillin,sequential_lineage_evidence,sequential_lineage_evidence,final cumulative evidence for lineage dependence,readable typed outcomes in prespecified ordered batches,651,,,,,readable typed outcomes in prespecified ordered batches,2016,2.7927487153858865e+23,,,53.98648345234999,,,,e-process final look; not an effect size,computed,,e-value,Disjoint batches; common-probability conditionally independent Bernoulli null within each batch; past-only training. Panel stopping requires joint-filtration validity; repeated rejection unions are not controlled.,
spectinomycin,sequential_lineage_evidence,sequential_lineage_evidence,final cumulative evidence for lineage dependence,readable typed outcomes in prespecified ordered batches,651,,,,,readable typed outcomes in prespecified ordered batches,2016,1.6219268764969395e-58,,,-133.06632052128535,,,,e-process final look; not an effect size,computed,,e-value,Disjoint batches; common-probability conditionally independent Bernoulli null within each batch; past-only training. Panel stopping requires joint-filtration validity; repeated rejection unions are not controlled.,
tetracycline,sequential_lineage_evidence,sequential_lineage_evidence,final cumulative evidence for lineage dependence,readable typed outcomes in prespecified ordered batches,651,,,,,readable typed outcomes in prespecified ordered batches,2016,3.127562289047979e-44,,,-100.17349021201531,,,,e-process final look; not an effect size,computed,,e-value,Disjoint batches; common-probability conditionally independent Bernoulli null within each batch; past-only training. Panel stopping requires joint-filtration validity; repeated rejection unions are not controlled.,
tiamulin,sequential_lineage_evidence,sequential_lineage_evidence,final cumulative evidence for lineage dependence,readable typed outcomes in prespecified ordered batches,651,,,,,readable typed outcomes in prespecified ordered batches,2016,0.00011722091239043868,,,-9.051450263373184,,,,e-process final look; not an effect size,computed,,e-value,Disjoint batches; common-probability conditionally independent Bernoulli null within each batch; past-only training. Panel stopping requires joint-filtration validity; repeated rejection unions are not controlled.,
tilmicosin,sequential_lineage_evidence,sequential_lineage_evidence,final cumulative evidence for lineage dependence,readable typed outcomes in prespecified ordered batches,651,,,,,readable typed outcomes in prespecified ordered batches,2016,1.3590304922485528e-42,,,-96.40180233356364,,,,e-process final look; not an effect size,computed,,e-value,Disjoint batches; common-probability conditionally independent Bernoulli null within each batch; past-only training. Panel stopping requires joint-filtration validity; repeated rejection unions are not controlled.,
trimethoprim,sequential_lineage_evidence,sequential_lineage_evidence,final cumulative evidence for lineage dependence,readable typed outcomes in prespecified ordered batches,651,,,,,readable typed outcomes in prespecified ordered batches,2016,4.362969015890634e-16,,,-35.36820869534918,,,,e-process final look; not an effect size,computed,,e-value,Disjoint batches; common-probability conditionally independent Bernoulli null within each batch; past-only training. Panel stopping requires joint-filtration validity; repeated rejection unions are not controlled.,
tylosin,sequential_lineage_evidence,sequential_lineage_evidence,final cumulative evidence for lineage dependence,readable typed outcomes in prespecified ordered batches,651,,,,,readable typed outcomes in prespecified ordered batches,2016,1.2429710946690586e-44,,,-101.09623953396972,,,,e-process final look; not an effect size,computed,,e-value,Disjoint batches; common-probability conditionally independent Bernoulli null within each batch; past-only training. Panel stopping requires joint-filtration validity; repeated rejection unions are not controlled.,
