agent,cutoff,dilutions_from_cutoff,prevalence,share,observed_low,observed_high,p_value,pooled_lower,pooled_upper,pooled_limit,strata_lower,strata_upper,strata_limit
amoxicillin,0.03125,-1,0.1137370753323486,0.27638115960246784,0.19033575929768543,0.3724502917791337,0.001,0.03149897637398059,0.9406048517408654,1.8074933236372305e-05,0.01763097874406739,0.8745661750291653,0.0
amoxicillin,0.0625,0,0.05465288035450517,0.2680149052503774,0.14710956325096136,0.4078311869783515,0.001,0.019774258104002358,0.9714132199502814,0.0,0.014485725724025853,0.8974025077066434,0.0
amoxicillin,0.125,1,0.025110782865583457,0.4972288554038,0.22053651022221155,0.8473311255325565,0.001,0.02312954325947559,0.9762204566150956,0.0,0.02118862331871397,0.9053795994718294,0.0
cefquinome,0.0625,-1,0.08714918759231906,0.1423383281682534,0.06351001123050601,0.23454680514710338,0.001,0.0036969827967636786,0.9478767658559988,0.0,0.0028317706166598538,0.8758012016712513,0.0
cefquinome,0.125,0,0.03840472673559823,0.21232258797399275,0.040326181200910444,0.40567259693305147,0.001,0.005681057389916875,0.9740045099154364,0.0,0.005226734144016651,0.8997464408353288,0.0
cefquinome,0.25,1,0.022156573116691284,0.20907358777598667,0.0,0.4606959789442899,0.001,0.0,0.9824636230833601,0.0,0.0,0.9102813400638248,0.0
ceftiofur,0.125,-1,0.36927621861152143,0.4163178335747116,0.36006148488208706,0.47473295563225626,0.001,0.08275720740538973,0.8728001257087872,0.029379521577587935,0.07020688479622074,0.8124923610995449,0.013598805247037694
ceftiofur,0.25,0,0.24076809453471196,0.5236383631077309,0.4562996861607769,0.5899352369188069,0.001,0.12621533852045586,0.9532150553339338,0.04533314673406417,0.10444026510631767,0.8691965509818131,0.018447817728441417
ceftiofur,0.5,1,0.12850812407680945,0.3177352257728364,0.2426185120481927,0.4023456598852094,0.001,0.026009790254464267,0.9606893951760758,0.0,0.02178467273497376,0.8823813873221831,0.0
doxycycline,0.25,-1,0.8522895125553914,0.024845402225055508,0.0,0.06076517481993676,0.014,0.0,0.7967079673135098,0.0,0.0,0.7519910309651483,0.0
doxycycline,0.5,0,0.843426883308715,0.0270764225471681,0.0,0.06563519252500485,0.007,0.0,0.7864315485410309,0.0,0.0,0.7423428233781144,0.0
doxycycline,1.0,1,0.843426883308715,0.0270764225471681,0.0,0.06563519252500485,0.007,0.0,0.7864315485410309,0.0,0.0,0.7423428233781144,0.0
erythromycin,0.125,-1,0.5420974889217134,0.15631929552053006,0.10756005856523396,0.2103513625735594,0.001,6.611766604015241e-05,0.6664328298935669,0.0,0.0004289931811265551,0.6450427375337522,0.0
erythromycin,0.25,0,0.5406203840472673,0.15618884723848503,0.1078508600990949,0.2099708149133184,0.001,6.163643813939796e-05,0.665361425114626,0.0,0.0004289931811265551,0.6450427375337522,0.0
erythromycin,0.5,1,0.5406203840472673,0.15618884723848503,0.1078508600990949,0.2099708149133184,0.001,6.163643813939796e-05,0.665361425114626,0.0,0.0004289931811265551,0.6450427375337522,0.0
lincomycin,1.0,-1,0.6957163958641064,0.23083323103443842,0.1730268602562206,0.29301832414707296,0.001,0.0044817921766065,0.8150682989698359,0.0,0.008245000508284148,0.8210598606011021,0.0
lincomycin,2.0,0,0.6262924667651403,0.21974548530342078,0.16686925653500517,0.28111924397299093,0.001,6.455309926268466e-05,0.7683380263998689,0.0,0.0003442733041021467,0.7577567152466689,0.0
lincomycin,4.0,1,0.6085672082717873,0.19752978670669674,0.14716099864924664,0.2600818317128677,0.001,2.355142341156583e-06,0.7392031658463003,0.0,0.0,0.7362843212598853,0.0
penicillin,0.03125,-1,0.27474150664697194,0.5148871102466331,0.4564069397819303,0.5798909222813478,0.001,0.14570100856292112,0.9316350962818507,0.07326126564308878,0.11272302245139888,0.8519382789445569,0.040458712866146135
penicillin,0.0625,0,0.23042836041358936,0.5232689701517096,0.4539541958500239,0.591969736529696,0.001,0.14265575612621162,0.9466528741460518,0.06374172831105786,0.11964086133398123,0.8625455665332868,0.03535686399699615
penicillin,0.125,1,0.1831610044313146,0.49908751167490956,0.4138930711325083,0.5857075185660158,0.001,0.1035066380921026,0.9580955041536106,0.02834581266610761,0.0827490396002535,0.8845743960640071,0.008939127497731486
spectinomycin,16.0,-1,0.24224519940915806,0.14699445724558727,0.0879303914169468,0.21297275652930542,0.001,0.013680592920012122,0.7264067233663689,0.0,0.01401738739479975,0.7169482173152268,0.0
spectinomycin,32.0,0,0.11521418020679468,0.15209245761840703,0.09108195420474563,0.23296709343060507,0.001,0.02506576527463667,0.8515647339646635,0.0,0.028811067747729797,0.8386048282758813,0.0
spectinomycin,64.0,1,0.10635155096011817,0.16014392453509468,0.0938579572899945,0.2455206103404865,0.001,0.02634574275819302,0.8607856428959575,0.0,0.029837490168995957,0.8378848458755177,0.0
tetracycline,2.0,-1,0.8596750369276218,0.03404475080046694,0.003704940671917626,0.07243208456518932,0.007,0.0,0.8243874474422686,0.0,0.0,0.776960393957185,0.0
tetracycline,4.0,0,0.8478581979320532,0.02566732944992741,0.0,0.06402956005929744,0.022,0.0,0.7876221178470064,0.0,0.0,0.7459529588784637,0.0
tetracycline,8.0,1,0.8404726735598228,0.026851163649970113,0.0,0.06477310746386201,0.008,0.0,0.7812110448493617,0.0,0.0,0.7423428233781137,0.0
tiamulin,4.0,-1,0.25406203840472674,0.5743834864746616,0.499389394825687,0.661144495838303,0.001,0.15396774705700267,0.9549900114712007,0.0615326136082953,0.13683320113548647,0.8438040936604936,0.04230871503371234
tiamulin,8.0,0,0.1935007385524372,0.40752882223610054,0.3268179004823053,0.49729141237651114,0.001,0.04420748859098112,0.9452647773545941,0.0003063218776190602,0.038517228691159484,0.8327268845055313,0.00024047484639192046
tiamulin,16.0,1,0.13737075332348597,0.2899949789875366,0.20704032443401504,0.3724300044089413,0.001,0.024927841626743337,0.9469785480708179,0.0,0.020316529319446282,0.8435126657507726,0.0
tilmicosin,4.0,-1,0.5672082717872969,0.14684528851172207,0.09867072984562628,0.20300532599715465,0.001,0.0001663556585505071,0.6640428387265003,0.0,0.0007627052625822721,0.6628078074425221,0.0
tilmicosin,8.0,0,0.5376661742983752,0.14363478847456398,0.0974315184868703,0.19772060662519678,0.001,5.314569053838919e-05,0.6511152578409216,0.0,0.0004100730013529924,0.6388523593411437,0.0
tilmicosin,16.0,1,0.5332348596750369,0.14689651378115842,0.10105314101910044,0.2016015139365564,0.001,4.158883963746024e-05,0.653671074294575,0.0,0.00038409588751565357,0.6413641266549615,0.0
trimethoprim,0.125,-1,0.38552437223042835,0.2836154679294644,0.2247932263459728,0.3500638215824908,0.001,0.01943401767710707,0.7881677872860895,0.0,0.012763282123985595,0.6972937245151827,0.0
trimethoprim,0.25,0,0.28064992614475626,0.3064209430812463,0.23587578877594984,0.3822821988057862,0.001,0.02410409488061927,0.8431848942907716,0.0,0.01994551399137757,0.7622178817426546,0.0
trimethoprim,0.5,1,0.1964549483013294,0.26708693049734517,0.19746617982039183,0.34734867505806166,0.001,0.013722882215785335,0.8970070988405778,0.0,0.012702008277532215,0.8079882028402245,0.0
tylosin,1.0,-1,0.5450516986706057,0.14580086341799042,0.09878818010525268,0.20263319423580275,0.001,7.55518300414953e-05,0.6549359059398805,0.0,0.0004284009007531425,0.6398690212702254,0.0
tylosin,2.0,0,0.5406203840472673,0.14991778665162855,0.103237000431647,0.20633134864770264,0.001,6.16364381400641e-05,0.6596267126743278,0.0,0.0003917075557333754,0.6441070007048921,0.0
tylosin,4.0,1,0.534711964549483,0.14808523068217086,0.1017049497816266,0.20293692020641246,0.001,4.528388720471394e-05,0.6573934096587055,0.0,0.0003723179678041338,0.6435836530038037,0.0
