agent,setting,n,n_strata,kappa_adj,observed_low,observed_high,p_value,n_readings,n_groups_repeated,latent_order_lower,latent_order_upper,latent_order_lower_limit,latent_order_midpoint,panel_resolution,share_end_wells
amoxicillin,baseline,677,3,0.31303935464146276,0.22245854496605122,0.4010620984526329,0.001,677,27,0.0380851783441778,0.8603930543072928,0.0007480167254479704,0.09385248992713113,0.2719813274837404,0.8906942392909897
amoxicillin,collection,677,20,0.265446146957241,0.1888263973245804,0.3576991276294525,0.001,677,27,0.03249043268631114,0.7353265079280549,0.0,0.07931760606964877,0.26516300226605105,0.8906942392909897
amoxicillin,without_rcuk_uk,553,3,0.3184306628386348,0.22100103607135516,0.43702910487364544,0.001,553,24,0.04190087970743562,0.8373028350079175,0.003020712538599295,0.0956140458873247,0.27073773585632044,0.8860759493670886
cefquinome,baseline,677,3,0.37761636094059337,0.31736891148997787,0.43750332943752324,0.001,677,27,0.1977308632072441,0.5960883644696304,0.07679117755694023,0.3567011555187687,0.8894642825645842,0.06942392909896603
cefquinome,collection,677,20,0.3010518356690962,0.25040188847517697,0.3588887753111033,0.001,677,27,0.15335526363622298,0.4807032423771651,0.00938300607409631,0.2800460231178252,0.8582194824390129,0.06942392909896603
cefquinome,without_rcuk_uk,553,3,0.3817849018906728,0.3222243541469203,0.44856147815703223,0.001,553,24,0.19288366779159305,0.5985610479891146,0.06976826426856868,0.35676185181931297,0.8815231221346151,0.08499095840867993
ceftiofur,baseline,677,3,0.4864632659093062,0.424448725964624,0.5510627935647241,0.001,677,27,0.25464999409097433,0.704403993293349,0.12785636285229404,0.4151942481625972,0.826444186324701,0.01772525849335303
ceftiofur,collection,677,20,0.3850601711191711,0.330670435709655,0.46227982855332306,0.001,677,27,0.1876395429199551,0.5364016091859827,0.0270689612108441,0.3118439235459247,0.773315546791093,0.01772525849335303
ceftiofur,without_rcuk_uk,553,3,0.489474408377504,0.4265072844904554,0.5648841360931823,0.001,553,24,0.22808442058137368,0.7202125523688936,0.09474909670265051,0.4096131589360743,0.803514519948447,0.019891500904159132
doxycycline,baseline,677,3,0.1394501979921069,0.09080052216549309,0.1937124761150148,0.001,677,27,0.030500836676107042,0.43519290830008206,0.0,0.1447160078602907,0.842723990826856,0.025110782865583457
doxycycline,collection,677,20,0.10839377019738977,0.05720035244262219,0.16478330040850628,0.001,677,27,0.020589921893694248,0.3724795080059746,0.0,0.11537098959060255,0.8140943472313271,0.025110782865583457
doxycycline,without_rcuk_uk,553,3,0.16676960901697138,0.10976418674816822,0.23451524820086406,0.001,553,24,0.0407447855824088,0.464057076741917,0.0,0.16248196298365425,0.8318612131147232,0.03074141048824593
enrofloxacin,baseline,677,3,0.21485330269194822,0.1613103464585366,0.2767803323551872,0.001,677,27,0.03018467718960017,0.5766215652653666,0.0,0.1894822924220545,0.7769181343035046,0.007385524372230428
enrofloxacin,collection,677,20,0.1871245152762697,0.13770271566463305,0.25545063221292613,0.001,677,27,0.02479882889983976,0.4978410023010835,0.0,0.15930042855594317,0.735590851252512,0.007385524372230428
enrofloxacin,without_rcuk_uk,553,3,0.21451157926500655,0.15048649867832553,0.28765484842705963,0.001,553,24,0.027785283208338958,0.5855508173632109,0.0,0.19002671579405672,0.758817867806026,0.009041591320072333
erythromycin,baseline,677,3,0.10432818039097982,0.0631662893048522,0.15218528778595003,0.001,677,27,0.010716766735704661,0.3819523547958026,0.0,0.11508344263733039,0.8584498502702973,0.5642540620384048
erythromycin,collection,677,20,0.08914770171962323,0.04798262273397856,0.1375804422629015,0.001,677,27,0.010332777860845752,0.33428997656220205,0.0,0.09858622363775349,0.826496264743015,0.5642540620384048
erythromycin,without_rcuk_uk,553,3,0.11164050007341873,0.0639332055112736,0.165689264468277,0.001,553,24,0.00980921101558919,0.3862815856156201,0.0,0.11444762047023116,0.849275465877898,0.5985533453887885
florfenicol,baseline,677,3,0.22621572580179497,0.15992197389000276,0.29180688002846755,0.001,677,27,0.0007139895285468516,0.8118612850928197,0.0,0.12898813774287987,0.5047937625997858,0.03840472673559823
florfenicol,collection,677,20,0.19807930834467086,0.14386886249048084,0.27398393406574867,0.001,677,27,0.0007230606184427473,0.7013611115724492,0.0,0.10983299339744734,0.4818592878158241,0.03840472673559823
florfenicol,without_rcuk_uk,553,3,0.22440570547687907,0.1463576740124704,0.31724726142292015,0.001,553,24,0.002660621048668607,0.7844528030622322,0.0,0.1250776064973993,0.4783082458041794,0.04701627486437613
lincomycin,baseline,677,3,0.23795608760286358,0.17539252117851808,0.3056032294473027,0.001,677,27,0.05893132280517977,0.5960339701160271,0.0049576233655102345,0.20271453150789331,0.775590507635064,0.5583456425406204
lincomycin,collection,677,20,0.21314093643870982,0.15986735981485378,0.2800880279101621,0.001,677,27,0.04752938921718198,0.5242493024352599,0.0,0.1757657753468591,0.7478442461507575,0.5583456425406204
lincomycin,without_rcuk_uk,553,3,0.2372627542436614,0.16700868565131238,0.3120207742171086,0.001,553,24,0.06346791472782455,0.6015116162435215,0.007051808535469239,0.19265355515297378,0.7447704122830199,0.5840867992766727
marbofloxacin,baseline,677,3,0.15709164995089234,0.10498973868599687,0.2134474790498615,0.001,677,27,0.011447383106260709,0.5060747499498608,0.0,0.14486761242585677,0.7685237211863105,0.05465288035450517
marbofloxacin,collection,677,20,0.13888142691643116,0.09022470076514688,0.19946151198445028,0.001,677,27,0.010288899614204991,0.4431808529900789,0.0,0.12463118859170752,0.7317980140978356,0.05465288035450517
marbofloxacin,without_rcuk_uk,553,3,0.16303223427072697,0.10136136758736661,0.23536939874700635,0.001,553,24,0.01524383972597044,0.4951788048150323,0.0,0.14820188660280964,0.7565592298514446,0.06690777576853527
marbofloxacin,third_panel,677,3,0.1572624572116601,0.10211709124235956,0.2140421172492992,0.001,677,27,0.009790177178432122,0.5245220049643988,0.0,0.14068053027266547,0.7528413572665544,0.20827178729689808
penicillin,baseline,677,3,0.5424495963841148,0.48460122947553674,0.600316301962815,0.001,677,27,0.2200144171286893,0.8166667626434929,0.12019900629959929,0.32700933590951076,0.5850448343370578,0.7296898079763663
penicillin,collection,677,20,0.4142937145652586,0.3520564427715248,0.49401807168901735,0.001,677,27,0.1629439311367178,0.6080584904576902,0.031190443282555835,0.23436620455538937,0.5396638574182995,0.7296898079763663
penicillin,without_rcuk_uk,553,3,0.5280094503968301,0.44831651807584194,0.6066078146552535,0.001,553,24,0.17185700567940465,0.8079528241275957,0.07687954527020267,0.29080513135730834,0.5282551245219719,0.7540687160940326
spectinomycin,baseline,677,3,0.19079082237096986,0.1297538853882079,0.2657845290327293,0.001,677,27,0.05524454076394037,0.5238858734620022,4.878094421313021e-05,0.1880299477262708,0.7937202594929961,0.08714918759231906
spectinomycin,collection,677,20,0.12957853126619942,0.07257624751963732,0.1987803469423408,0.001,677,27,0.025656062289673105,0.4112169263773944,0.0,0.13177973510628838,0.7327233583648749,0.08714918759231906
spectinomycin,without_rcuk_uk,553,3,0.20920340830404655,0.13593455795459447,0.2902009296639997,0.001,553,24,0.07683369888804427,0.5224999569377013,1.5008304137442228e-06,0.20169602506318873,0.7788328373736242,0.10126582278481013
tetracycline,baseline,677,3,0.10699170062692295,0.06412522043564828,0.1632677291538993,0.001,677,27,0.009862629379059804,0.43793223024945704,0.0,0.12001804333464516,0.8246959793259123,0.10635155096011817
tetracycline,collection,677,20,0.0842107855343656,0.04169801400131971,0.14385428927473273,0.001,677,27,0.009301465249905059,0.3801896441183692,0.0,0.09859848110367442,0.7895961662099819,0.10635155096011817
tetracycline,without_rcuk_uk,553,3,0.09599852530668879,0.047208469840208586,0.1518027301070382,0.001,553,24,0.008293215005899865,0.4307440020800015,0.0,0.10810278356532432,0.8102727580720857,0.10488245931283906
tiamulin,baseline,677,3,0.45948257285560884,0.3886428226857168,0.5295664857593299,0.001,677,27,0.35104174586975634,0.592550907684388,0.2159303095361796,0.4492305372664753,0.9433752695955866,0.10044313146233383
tiamulin,collection,677,20,0.3333820911296055,0.27330551592323143,0.41049200433742405,0.001,677,27,0.22791317243644715,0.45903755546534697,0.05288032819932814,0.31342503155208323,0.8888931994541871,0.10044313146233383
tiamulin,without_rcuk_uk,553,3,0.4008405879059061,0.32976711536348763,0.4889610032301481,0.001,553,24,0.2820843792706029,0.5585734352975213,0.13958438671471873,0.39007572380347066,0.922782701760047,0.10488245931283906
tilmicosin,baseline,677,3,0.15362663526251866,0.10850458466147789,0.21144811651392223,0.001,677,27,0.006481546020405524,0.5891564218490213,0.0,0.14149261982632488,0.762087479517387,0.023633677991137372
tilmicosin,collection,677,20,0.13724849786689655,0.09267365487602888,0.19341763398507666,0.001,677,27,0.006098106469159878,0.5272732533242077,0.0,0.12270158740170722,0.7295939368137199,0.023633677991137372
tilmicosin,without_rcuk_uk,553,3,0.163372638946665,0.10990422006158682,0.22368839466255092,0.001,553,24,0.002477081452356042,0.6044556107229133,0.0,0.13803579152576528,0.7389455635949083,0.028933092224231464
trimethoprim,baseline,677,3,0.24468914069481387,0.1859657699751163,0.31036633807313496,0.001,677,27,0.1808368507938578,0.3649033753619071,0.06977343715187098,0.2613755502380648,0.9470512411155648,0.11521418020679468
trimethoprim,collection,677,20,0.19419015174893176,0.14050407919408178,0.2575444120909754,0.001,677,27,0.12235587569553232,0.3062272081891526,0.004923215317510301,0.1989326670797853,0.8823414995943063,0.11521418020679468
trimethoprim,without_rcuk_uk,553,3,0.21316967824617575,0.14575926688023672,0.2852248953154316,0.001,553,24,0.14934675743249337,0.3307046458129592,0.04020610230915353,0.22708342602685638,0.9294241315974598,0.11573236889692586
tylosin,baseline,677,3,0.12688511219911316,0.07743440105008585,0.1793065084906007,0.001,677,27,0.005039056012899898,0.5082760291823172,0.0,0.12425830533574778,0.786867555017128,0.5243722304283605
tylosin,collection,677,20,0.11376042391066857,0.07166013572240085,0.1705447426684547,0.001,677,27,0.004869506237421781,0.457257845935759,0.0,0.10924257915289282,0.7557529435850935,0.5243722304283605
tylosin,without_rcuk_uk,553,3,0.12987307197238382,0.07895255822592584,0.19097997392134491,0.001,553,24,0.0036908040918366496,0.5140753615666152,0.0,0.11928085384255738,0.7655119472998811,0.5533453887884268
