isolate,amr_00,amr_01,amr_02,amr_03,amr_04,amr_05,amr_06,amr_07,amr_08,amr_09,amr_10,amr_11,amr_12,amr_13,amr_14,amr_15,amr_16,amr_17
SC_0000,0,1,0,1,1,0,0,0,0,0,0,0,0,0,1,0,0,0
SC_0001,0,0,1,0,0,0,0,0,0,0,0,0,0,0,0,0,0,0
SC_0002,0,0,1,0,1,0,1,0,0,0,0,0,0,0,0,0,0,0
SC_0003,0,0,0,0,0,0,0,0,0,0,0,0,0,0,0,1,0,0
SC_0004,0,0,0,0,0,0,0,1,0,0,0,1,1,0,0,0,0,0
SC_0005,1,0,0,0,1,0,0,0,0,0,1,0,1,0,0,0,0,1
SC_0006,0,0,0,0,0,1,0,1,0,0,0,0,0,1,0,0,0,0
SC_0007,0,0,0,0,1,0,0,1,1,0,0,0,1,0,1,0,0,0
SC_0008,1,0,1,1,1,0,0,0,0,0,0,0,1,0,0,0,0,0
SC_0009,1,0,0,1,0,0,0,0,0,1,0,0,1,0,1,1,0,0
SC_0010,0,0,0,0,1,1,0,0,1,0,1,0,1,0,0,0,1,0
SC_0011,0,0,1,0,0,0,0,0,0,1,1,0,0,1,0,0,0,0
SC_0012,0,0,0,0,0,0,0,1,0,0,0,1,1,0,1,0,0,1
SC_0013,0,0,0,0,0,1,0,0,0,1,0,0,0,0,1,1,0,0
SC_0014,1,0,1,0,0,1,0,1,1,1,0,0,0,0,1,0,0,0
SC_0015,0,1,0,0,0,0,0,0,1,1,0,0,0,0,0,1,0,0
SC_0016,0,0,0,0,0,0,1,1,0,0,1,0,1,0,0,0,0,0
SC_0017,0,0,1,0,0,0,0,0,0,1,1,0,0,0,0,0,0,0
SC_0018,1,0,0,0,0,0,1,0,0,0,0,0,1,0,0,0,0,0
SC_0019,0,0,0,1,0,0,0,1,0,0,0,0,1,0,0,0,0,0
SC_0020,1,0,0,0,0,0,0,0,0,1,0,1,0,0,0,0,0,0
SC_0021,0,0,1,0,0,0,0,0,1,0,0,0,1,0,0,0,0,0
SC_0022,1,1,1,0,0,0,1,1,1,0,0,1,0,0,1,0,0,0
SC_0023,0,0,0,1,0,0,0,0,0,0,0,0,1,0,0,0,0,0
SC_0024,0,0,0,0,1,0,0,0,0,0,1,0,0,1,0,0,0,0
SC_0025,0,1,0,0,0,0,0,0,1,1,1,0,0,0,0,0,0,1
SC_0026,0,1,0,1,1,0,1,0,0,0,0,0,1,0,1,0,0,0
SC_0027,0,0,0,0,1,1,1,0,0,0,0,0,0,0,0,0,0,0
SC_0028,1,0,0,1,0,0,0,0,0,0,0,0,0,0,0,0,0,0
SC_0029,0,1,0,1,0,0,0,0,0,0,0,1,1,0,0,0,0,0
SC_0030,0,1,0,0,0,0,0,0,0,0,0,0,0,1,1,0,0,0
SC_0031,0,1,0,0,0,0,0,0,0,1,0,0,1,0,0,0,1,0
SC_0032,0,0,0,0,0,0,0,0,0,0,0,0,0,0,0,0,0,0
SC_0033,0,0,0,0,1,0,1,1,0,0,0,0,1,0,0,0,0,0
SC_0034,1,0,0,0,0,0,0,0,0,0,0,0,0,1,0,1,1,0
SC_0035,0,0,0,1,1,0,0,1,0,1,0,0,1,0,0,0,1,0
SC_0036,0,1,0,0,0,1,0,1,0,1,0,1,0,0,0,1,1,0
SC_0037,0,0,0,1,1,0,0,0,0,0,0,1,0,1,0,0,0,0
SC_0038,0,0,0,0,0,1,1,0,0,0,0,1,0,0,0,1,0,0
SC_0039,1,1,0,0,0,1,0,0,0,0,0,0,0,0,0,1,0,0
SC_0040,0,0,0,0,0,0,0,0,0,0,0,0,0,1,0,1,1,0
SC_0041,1,0,0,0,0,0,0,0,0,0,1,0,0,1,0,1,0,1
SC_0042,0,0,0,0,0,0,1,0,0,1,0,1,1,0,1,0,0,0
SC_0043,1,0,0,0,0,1,0,0,0,0,0,1,0,0,1,0,0,1
SC_0044,1,1,1,0,0,1,0,1,0,0,0,0,0,1,0,0,0,0
SC_0045,0,0,0,0,0,1,0,0,0,0,0,0,1,0,0,0,0,0
SC_0046,0,1,0,0,0,1,0,0,0,0,0,0,0,0,0,0,0,0
SC_0047,0,1,0,1,0,0,0,0,0,1,0,0,0,0,0,0,0,0
SC_0048,0,0,0,1,0,1,0,0,0,0,0,1,0,0,1,0,0,0
SC_0049,1,0,0,0,0,0,0,0,0,0,0,0,0,0,1,1,0,0
SC_0050,1,0,0,0,0,0,0,0,0,0,0,0,0,1,0,0,0,0
SC_0051,0,0,0,0,0,1,0,1,0,1,0,0,0,0,0,0,0,0
SC_0052,0,0,1,0,0,0,0,0,0,0,1,0,0,1,1,0,0,0
SC_0053,0,0,0,1,1,1,0,0,0,0,0,0,0,1,0,1,0,0
SC_0054,0,0,0,0,0,0,0,1,0,0,0,1,0,0,0,0,0,1
SC_0055,0,1,0,0,0,0,0,1,0,0,0,0,0,0,1,0,0,0
SC_0056,0,0,0,0,0,0,0,0,0,0,0,0,1,0,0,1,1,0
SC_0057,0,1,0,0,0,0,0,0,0,0,0,0,0,1,0,0,1,0
SC_0058,1,0,1,1,0,0,0,0,0,0,0,0,0,0,0,0,0,0
SC_0059,1,1,1,0,0,0,0,0,0,0,1,0,0,0,0,0,0,0
SC_0060,0,0,0,0,1,0,0,0,0,0,0,0,0,0,0,0,0,0
SC_0061,0,1,0,0,1,0,1,0,0,0,0,0,1,0,0,0,0,1
SC_0062,0,0,0,0,0,0,0,0,0,1,0,0,0,0,0,1,0,0
SC_0063,0,0,0,0,0,1,0,0,0,0,0,0,1,0,0,0,0,1
SC_0064,0,1,0,1,0,1,0,0,0,0,0,0,0,0,0,0,0,0
SC_0065,0,1,1,0,0,0,0,0,1,0,0,0,0,1,0,0,1,0
SC_0066,0,0,0,1,1,1,1,1,1,0,0,0,0,0,0,1,1,0
SC_0067,0,0,0,1,1,1,0,0,1,0,0,1,0,1,0,0,0,0
SC_0068,0,0,0,1,0,1,0,0,1,1,0,1,0,0,0,0,0,0
SC_0069,0,0,0,0,0,0,0,0,1,0,1,0,1,0,1,0,1,1
SC_0070,0,1,1,0,0,0,0,0,0,0,0,0,1,0,1,0,0,0
SC_0071,1,1,0,0,0,0,0,1,0,0,0,1,1,0,0,0,1,0
SC_0072,0,0,0,0,0,0,0,0,0,0,0,0,1,0,0,1,0,1
SC_0073,0,0,0,1,1,0,0,0,1,0,0,1,0,0,1,0,1,0
SC_0074,0,0,0,0,0,0,1,0,0,0,0,0,0,0,0,0,1,0
SC_0075,1,0,0,0,1,0,1,0,1,0,0,1,0,0,0,0,0,0
SC_0076,0,0,0,0,0,0,0,1,0,0,1,0,0,0,0,0,0,1
SC_0077,1,0,1,0,0,0,1,1,0,0,1,0,0,0,0,0,1,0
SC_0078,0,1,0,0,1,0,1,0,1,0,1,0,0,0,0,0,0,1
SC_0079,0,0,0,0,1,0,0,0,0,0,1,0,1,1,0,1,1,0
SC_0080,1,0,0,0,1,1,0,0,0,0,1,1,0,0,0,0,0,1
SC_0081,0,0,0,1,0,0,0,0,1,0,0,0,1,1,0,1,1,0
SC_0082,0,0,0,0,0,0,0,1,0,0,0,0,0,0,1,0,0,0
SC_0083,0,0,0,0,1,1,0,0,0,0,0,0,0,0,0,1,0,0
SC_0084,0,1,0,0,0,0,0,1,0,0,0,0,0,0,0,0,0,0
SC_0085,0,1,0,0,0,0,0,0,0,0,0,0,1,1,0,1,0,0
SC_0086,1,1,0,0,1,1,1,1,1,0,0,0,0,0,0,0,0,0
SC_0087,0,0,1,1,0,1,1,0,1,1,1,0,0,0,0,0,1,0
SC_0088,0,0,0,0,0,0,1,0,0,0,0,0,1,0,0,0,0,1
SC_0089,0,0,0,0,0,0,0,0,0,1,1,0,0,0,0,0,0,0
SC_0090,0,1,0,0,0,0,0,0,0,0,0,1,0,0,0,1,0,0
SC_0091,0,1,1,0,0,0,0,0,0,0,0,1,0,0,0,0,0,0
SC_0092,0,1,0,1,0,0,0,0,1,1,1,0,1,1,0,0,0,0
SC_0093,0,0,1,0,1,0,0,0,0,0,1,0,0,0,1,0,1,1
SC_0094,0,0,1,0,1,0,0,0,0,0,0,1,0,1,0,1,0,0
SC_0095,1,1,1,0,0,0,0,0,0,0,0,0,0,0,1,0,1,1
SC_0096,1,0,0,0,0,1,0,1,0,1,0,0,0,0,0,1,0,0
SC_0097,0,0,0,0,0,1,0,0,0,0,1,1,1,0,0,0,0,0
SC_0098,0,0,1,0,0,0,0,0,1,0,0,0,1,0,0,0,1,0
SC_0099,0,1,1,0,0,0,1,0,0,0,0,1,0,1,1,0,0,0
SC_0100,0,1,0,0,0,0,0,0,1,0,1,1,0,0,0,1,0,0
SC_0101,0,0,1,0,1,0,0,1,0,1,0,0,0,0,0,1,0,0
SC_0102,0,0,0,0,0,1,0,1,0,0,0,0,0,0,0,0,0,0
SC_0103,0,0,0,1,0,1,1,0,0,0,1,1,0,0,0,1,1,1
SC_0104,1,1,0,0,0,1,0,1,0,0,0,0,0,0,0,0,1,1
SC_0105,1,0,0,0,1,1,0,0,1,0,1,1,1,0,1,0,1,0
SC_0106,0,0,0,0,0,0,0,1,0,0,0,0,0,0,0,0,0,0
SC_0107,0,0,0,1,0,0,0,0,0,1,0,0,1,0,1,0,1,1
SC_0108,0,0,0,1,0,0,1,0,0,1,0,1,0,0,0,0,0,0
SC_0109,0,1,0,1,0,0,0,0,1,0,0,0,1,1,0,0,0,0
SC_0110,0,0,0,0,0,0,1,0,0,0,0,0,0,0,0,0,1,1
SC_0111,0,1,0,0,0,0,0,0,0,1,0,0,0,1,0,0,0,0
SC_0112,1,0,1,0,1,0,0,0,1,1,0,0,0,0,0,1,0,0
SC_0113,0,1,0,0,0,0,0,0,0,0,1,1,1,0,1,0,0,0
SC_0114,0,1,0,0,0,1,1,1,0,0,1,0,0,1,0,0,0,0
SC_0115,0,0,0,0,0,0,1,0,0,0,1,0,0,0,0,0,0,0
SC_0116,0,0,1,0,0,0,0,0,1,0,1,0,0,0,0,0,1,0
SC_0117,0,1,1,0,0,0,0,0,1,0,0,1,0,0,0,0,0,0
SC_0118,1,0,0,1,1,0,0,0,1,1,1,0,0,0,0,0,0,1
SC_0119,0,0,0,0,0,0,0,1,0,0,1,0,1,0,0,0,0,0
SC_0120,0,0,0,0,0,1,0,1,0,1,0,1,0,1,0,1,0,0
SC_0121,0,0,0,0,0,0,0,0,1,0,1,1,0,0,0,0,1,0
SC_0122,0,0,0,0,0,0,0,0,0,0,0,1,0,0,0,0,0,1
SC_0123,0,0,0,0,0,0,0,1,0,1,1,0,0,0,0,0,0,1
SC_0124,0,0,0,0,0,0,0,1,1,1,0,1,0,0,0,1,0,0
SC_0125,0,0,0,1,0,0,0,1,0,1,0,1,1,1,0,1,0,0
SC_0126,0,0,0,0,0,1,0,0,0,0,0,1,1,0,1,0,1,0
SC_0127,0,0,1,0,0,0,1,0,0,0,0,0,0,0,1,0,0,0
SC_0128,1,1,0,0,0,1,0,0,0,0,0,0,0,0,1,0,0,0
SC_0129,1,0,0,0,0,0,0,0,0,0,0,0,1,0,0,0,0,1
SC_0130,1,0,0,1,0,0,1,0,0,0,0,0,0,0,1,0,1,0
SC_0131,0,0,0,1,0,1,0,1,0,0,0,0,0,0,0,0,0,1
SC_0132,0,0,0,1,1,1,0,0,0,0,0,0,1,0,0,0,0,1
SC_0133,1,0,0,0,0,0,0,0,0,0,0,1,0,1,0,0,0,0
SC_0134,0,0,0,1,0,0,0,0,1,0,0,1,1,0,1,0,0,1
SC_0135,0,0,0,0,0,0,0,0,1,0,1,0,0,1,0,0,0,0
SC_0136,0,0,0,0,0,0,0,0,0,1,0,0,0,0,0,1,0,0
SC_0137,0,1,0,1,0,0,1,0,1,0,1,0,0,1,1,0,0,0
SC_0138,0,0,0,0,0,0,0,1,0,0,0,0,1,0,1,0,0,1
SC_0139,0,0,1,0,0,1,0,0,1,0,0,0,0,0,0,1,1,0
SC_0140,0,0,0,1,0,0,1,0,0,0,1,0,0,0,0,0,1,0
SC_0141,0,0,0,0,1,1,1,0,0,0,1,0,0,0,1,0,0,0
SC_0142,0,0,0,0,0,1,0,0,0,0,0,0,0,0,0,0,0,0
SC_0143,0,0,0,0,0,0,0,0,0,0,0,0,0,1,0,0,1,0
SC_0144,0,0,1,0,0,0,0,1,0,0,0,0,0,0,0,0,0,1
SC_0145,0,0,0,0,0,0,1,0,0,0,0,0,0,0,0,1,0,1
SC_0146,0,0,0,0,0,0,1,1,0,0,0,1,0,1,0,1,1,1
SC_0147,1,0,0,0,0,1,1,0,1,1,1,0,1,0,0,0,0,0
SC_0148,0,0,0,1,0,0,1,0,1,0,0,0,0,0,1,0,1,0
SC_0149,0,0,0,0,0,0,0,0,0,0,1,0,0,0,0,0,0,0
SC_0150,0,0,1,1,1,0,0,0,0,0,0,0,0,1,0,0,0,1
SC_0151,1,0,0,0,1,1,1,0,0,0,0,0,0,0,0,0,0,0
SC_0152,0,0,0,0,0,0,0,0,1,0,0,1,1,0,0,1,0,0
SC_0153,0,1,1,1,0,1,0,0,0,0,0,0,1,0,0,1,1,0
SC_0154,0,0,0,0,0,1,0,1,0,1,0,1,1,0,0,1,1,0
SC_0155,0,0,0,0,0,0,1,0,0,0,0,0,1,0,0,0,0,0
SC_0156,0,0,1,0,0,0,0,0,0,0,1,0,1,1,1,0,0,0
SC_0157,0,1,1,0,0,0,0,0,0,0,0,0,1,1,1,0,0,1
SC_0158,0,0,1,1,0,0,0,0,1,0,1,0,0,1,1,0,0,0
SC_0159,0,0,1,1,0,0,0,0,0,0,0,0,1,0,0,1,0,0
SC_0160,0,0,0,0,0,0,1,1,0,1,0,0,0,1,0,1,0,0
SC_0161,0,1,0,0,1,1,0,0,0,0,0,0,0,1,0,0,1,0
SC_0162,0,0,1,0,0,1,0,0,0,0,0,0,0,0,1,0,1,0
SC_0163,0,0,0,0,0,0,0,0,0,1,0,0,0,0,0,0,0,0
SC_0164,0,0,1,1,0,1,0,0,0,0,0,1,0,0,0,0,1,0
SC_0165,0,0,0,1,0,0,0,1,0,0,1,0,1,0,0,0,1,1
SC_0166,1,1,0,0,0,0,1,1,0,1,1,0,0,0,0,0,0,0
SC_0167,0,0,0,0,1,0,0,1,1,0,0,0,0,0,0,0,1,0
SC_0168,1,1,0,1,0,0,0,0,1,1,1,1,0,1,0,0,0,0
SC_0169,0,0,0,0,0,0,0,0,0,0,0,1,0,0,0,0,0,1
SC_0170,0,0,0,0,1,1,1,1,1,0,1,0,0,1,0,0,0,0
SC_0171,0,0,0,0,0,1,0,1,0,0,0,0,0,0,0,1,1,0
SC_0172,0,0,1,0,1,0,0,0,0,1,1,0,0,1,0,0,0,0
SC_0173,0,0,0,0,0,1,0,0,1,0,1,1,0,1,1,1,0,1
SC_0174,0,0,1,1,0,0,1,1,0,0,1,0,1,0,0,0,1,1
SC_0175,0,0,0,1,1,1,0,1,1,0,0,0,1,1,1,0,1,1
SC_0176,1,0,1,0,1,0,0,0,0,0,1,1,0,0,1,0,0,1
SC_0177,0,0,0,0,0,0,1,0,0,1,0,1,1,1,0,1,0,1
SC_0178,0,0,0,0,0,1,0,1,1,1,0,1,0,0,0,0,0,0
SC_0179,0,0,0,0,0,0,0,0,1,0,0,0,1,0,0,1,0,0
