Strain_ID,O_O1,O_O12,O_O2,O_O3/O3a,O_O3b,O_O4,O_O5,O_OL101,O_OL102,O_OL103,O_OL104,O_unknown
16703_5_23,0,0,0,0,0,0,0,0,0,0,0,1
16703_7_9,0,0,0,0,0,0,0,0,0,0,0,1
16780_6_28,0,0,0,0,0,0,0,0,0,0,0,1
16870_7_32,1,0,0,0,0,0,0,0,0,0,0,0
16870_7_48,1,0,0,0,0,0,0,0,0,0,0,0
16870_7_72,1,0,0,0,0,0,0,0,0,0,0,0
16870_7_75,1,0,0,0,0,0,0,0,0,0,0,0
16703_5_4,1,0,0,0,0,0,0,0,0,0,0,0
16703_5_34,1,0,0,0,0,0,0,0,0,0,0,0
16703_5_71,1,0,0,0,0,0,0,0,0,0,0,0
16870_8_40,1,0,0,0,0,0,0,0,0,0,0,0
16870_8_74,1,0,0,0,0,0,0,0,0,0,0,0
16703_7_24,1,0,0,0,0,0,0,0,0,0,0,0
16703_7_59,1,0,0,0,0,0,0,0,0,0,0,0
Klebsiella_pneumoniae_INF319,1,0,0,0,0,0,0,0,0,0,0,0
16780_6_4,1,0,0,0,0,0,0,0,0,0,0,0
CH0031R_C4PNMANXX_TAGGCATG-GTAAGGAG_L006,1,0,0,0,0,0,0,0,0,0,0,0
16780_6_39,1,0,0,0,0,0,0,0,0,0,0,0
16780_6_32,1,0,0,0,0,0,0,0,0,0,0,0
16852_1_61,1,0,0,0,0,0,0,0,0,0,0,0
16852_1_69,1,0,0,0,0,0,0,0,0,0,0,0
AH0620_C4PNMANXX_GGACTCCT-CTAAGCCT_L006,1,0,0,0,0,0,0,0,0,0,0,0
16870_7_83,1,0,0,0,0,0,0,0,0,0,0,0
16703_5_15,1,0,0,0,0,0,0,0,0,0,0,0
16703_5_40,1,0,0,0,0,0,0,0,0,0,0,0
16870_8_13,1,0,0,0,0,0,0,0,0,0,0,0
Klebsiella_pneumoniae_INF171,1,0,0,0,0,0,0,0,0,0,0,0
16780_6_25,1,0,0,0,0,0,0,0,0,0,0,0
16852_1_38,1,0,0,0,0,0,0,0,0,0,0,0
16852_1_6,1,0,0,0,0,0,0,0,0,0,0,0
16870_7_51,0,0,1,0,0,0,0,0,0,0,0,0
16703_5_62,0,0,1,0,0,0,0,0,0,0,0,0
16703_5_65,0,0,1,0,0,0,0,0,0,0,0,0
16703_5_74,0,0,1,0,0,0,0,0,0,0,0,0
Klebsiella_pneumoniae_INF151,0,0,1,0,0,0,0,0,0,0,0,0
16870_8_80,0,0,1,0,0,0,0,0,0,0,0,0
16870_8_82,0,0,1,0,0,0,0,0,0,0,0,0
Klebsiella_pneumoniae_INF242,0,0,1,0,0,0,0,0,0,0,0,0
16703_7_2,0,0,1,0,0,0,0,0,0,0,0,0
16703_7_6,0,0,1,0,0,0,0,0,0,0,0,0
16703_7_33,0,0,1,0,0,0,0,0,0,0,0,0
16703_7_54,0,0,1,0,0,0,0,0,0,0,0,0
Klebsiella_pneumoniae_INF358,0,0,1,0,0,0,0,0,0,0,0,0
16780_6_40,0,0,1,0,0,0,0,0,0,0,0,0
Klebsiella_pneumoniae_KSB1_6F,0,0,1,0,0,0,0,0,0,0,0,0
16852_1_62,0,0,1,0,0,0,0,0,0,0,0,0
18090_3_27,0,0,1,0,0,0,0,0,0,0,0,0
16870_7_34,0,0,1,0,0,0,0,0,0,0,0,0
18090_3_1,0,0,1,0,0,0,0,0,0,0,0,0
16703_5_32,0,0,1,0,0,0,0,0,0,0,0,0
16703_5_46,0,0,1,0,0,0,0,0,0,0,0,0
AUSMDU00003494_S13_L001,0,0,1,0,0,0,0,0,0,0,0,0
16870_8_5,0,0,1,0,0,0,0,0,0,0,0,0
16870_8_8,0,0,1,0,0,0,0,0,0,0,0,0
Klebsiella_pneumoniae_INF177,0,0,1,0,0,0,0,0,0,0,0,0
16870_8_42,0,0,1,0,0,0,0,0,0,0,0,0
16870_8_44,0,0,1,0,0,0,0,0,0,0,0,0
16703_7_78,0,0,1,0,0,0,0,0,0,0,0,0
16852_1_25,0,0,1,0,0,0,0,0,0,0,0,0
16852_1_39,0,0,1,0,0,0,0,0,0,0,0,0
16852_1_56,0,0,1,0,0,0,0,0,0,0,0,0
16870_7_60,0,0,0,1,0,0,0,0,0,0,0,0
16870_7_62,0,0,0,1,0,0,0,0,0,0,0,0
16870_8_41,0,0,0,1,0,0,0,0,0,0,0,0
16703_7_61,0,0,0,1,0,0,0,0,0,0,0,0
Klebsiella_pneumoniae_INF341,0,0,0,1,0,0,0,0,0,0,0,0
16870_7_81,0,0,0,0,1,0,0,0,0,0,0,0
16703_5_1,0,0,0,0,1,0,0,0,0,0,0,0
16703_5_16,0,0,0,0,1,0,0,0,0,0,0,0
16703_5_29,0,0,0,0,1,0,0,0,0,0,0,0
16703_5_31,0,0,0,0,1,0,0,0,0,0,0,0
16703_5_54,0,0,0,0,1,0,0,0,0,0,0,0
16703_5_59,0,0,0,0,1,0,0,0,0,0,0,0
16703_5_63,0,0,0,0,1,0,0,0,0,0,0,0
16703_5_79,0,0,0,0,1,0,0,0,0,0,0,0
16703_5_82,0,0,0,0,1,0,0,0,0,0,0,0
16870_8_9,0,0,0,0,1,0,0,0,0,0,0,0
Klebsiella_pneumoniae_INF182,0,0,0,0,1,0,0,0,0,0,0,0
Klebsiella_pneumoniae_INF192,0,0,0,0,1,0,0,0,0,0,0,0
16703_7_11,0,0,0,0,1,0,0,0,0,0,0,0
16703_7_15,0,0,0,0,1,0,0,0,0,0,0,0
16703_7_16,0,0,0,0,1,0,0,0,0,0,0,0
16703_7_35,0,0,0,0,1,0,0,0,0,0,0,0
AUSMDU00003502_S14_L001,0,0,0,0,1,0,0,0,0,0,0,0
16703_7_50,0,0,0,0,1,0,0,0,0,0,0,0
Klebsiella_pneumoniae_INF329,0,0,0,0,1,0,0,0,0,0,0,0
16703_7_79,0,0,0,0,1,0,0,0,0,0,0,0
16780_6_37,0,0,0,0,1,0,0,0,0,0,0,0
16780_6_17,0,0,0,0,1,0,0,0,0,0,0,0
AH0297_C4PNMANXX_CGAGGCTG-AAGGAGTA_L006,0,0,0,0,1,0,0,0,0,0,0,0
16852_1_3,0,0,0,0,1,0,0,0,0,0,0,0
AH0360_C4PNMANXX_GTAGAGGA-AAGGAGTA_L006,0,0,0,0,1,0,0,0,0,0,0,0
16852_1_40,0,0,0,0,1,0,0,0,0,0,0,0
16870_7_26,0,0,0,0,0,1,0,0,0,0,0,0
16703_5_20,0,0,0,0,0,1,0,0,0,0,0,0
16870_8_10,0,0,0,0,0,1,0,0,0,0,0,0
Klebsiella_pneumoniae_INF188,0,0,0,0,0,1,0,0,0,0,0,0
16870_8_68,0,0,0,0,0,1,0,0,0,0,0,0
16852_1_33,0,0,0,0,0,1,0,0,0,0,0,0
Klebsiella_pneumoniae_KSB1_9A,0,0,0,0,0,1,0,0,0,0,0,0
16870_8_75,0,0,0,0,0,0,1,0,0,0,0,0
Klebsiella_pneumoniae_INF359,0,0,0,0,0,0,1,0,0,0,0,0
16703_5_30,0,0,0,0,0,0,0,1,0,0,0,0
16870_8_16,0,0,0,0,0,0,0,1,0,0,0,0
Klebsiella_pneumoniae_INF355,0,0,0,0,0,0,0,1,0,0,0,0
AH0225_C4PNMANXX_CTCTCTAC-AAGGAGTA_L006,0,0,0,0,0,0,0,1,0,0,0,0
16852_1_72,0,0,0,0,0,0,0,1,0,0,0,0
16870_7_44,0,0,0,0,0,0,0,0,1,0,0,0
16703_5_25,0,0,0,0,0,1,0,0,0,0,0,0
AS14_C4PNMANXX_GTAGAGGA-AGAGTAGA_L006,1,0,0,0,0,0,0,0,0,0,0,0
AS6_C4PNMANXX_TCCTGAGC-AGAGTAGA_L006,0,0,0,1,0,0,0,0,0,0,0,0
AS18_C4PNMANXX_TCCTGAGC-GTAAGGAG_L006,0,0,0,1,0,0,0,0,0,0,0,0
AS8_C4PNMANXX_TAGGCATG-AGAGTAGA_L006,0,0,0,0,1,0,0,0,0,0,0,0
AS11_C4PNMANXX_GCTACGCT-AGAGTAGA_L006,0,0,0,0,0,1,0,0,0,0,0,0
SB4386,1,0,0,0,0,0,0,0,0,0,0,0
ERR560516,1,0,0,0,0,0,0,0,0,0,0,0
ERR560517,1,0,0,0,0,0,0,0,0,0,0,0
ERR560501,1,0,0,0,0,0,0,0,0,0,0,0
ERR562353,1,0,0,0,0,0,0,0,0,0,0,0
ERR560515,1,0,0,0,0,0,0,0,0,0,0,0
ERR560518,1,0,0,0,0,0,0,0,0,0,0,0
ERR562359,1,0,0,0,0,0,0,0,0,0,0,0
ERR560513,1,0,0,0,0,0,0,0,0,0,0,0
ERR560499,0,0,1,0,0,0,0,0,0,0,0,0
SB2803,0,0,0,0,1,0,0,0,0,0,0,0
SRR1561230,1,0,0,0,0,0,0,0,0,0,0,0
SRR1561321,1,0,0,0,0,0,0,0,0,0,0,0
SRR1561358,1,0,0,0,0,0,0,0,0,0,0,0
SRR1561338,1,0,0,0,0,0,0,0,0,0,0,0
SRR1561357,0,0,1,0,0,0,0,0,0,0,0,0
SRR1561337,0,0,1,0,0,0,0,0,0,0,0,0
SRR1561208,0,0,0,1,0,0,0,0,0,0,0,0
SRR1561209,0,0,0,1,0,0,0,0,0,0,0,0
SRR1561236,0,0,0,0,1,0,0,0,0,0,0,0
SRR1561304,0,0,0,0,1,0,0,0,0,0,0,0
ERR349784,1,0,0,0,0,0,0,0,0,0,0,0
ERR349828,1,0,0,0,0,0,0,0,0,0,0,0
ERR349769,1,0,0,0,0,0,0,0,0,0,0,0
ERR349818,0,0,1,0,0,0,0,0,0,0,0,0
ERR349773,0,0,1,0,0,0,0,0,0,0,0,0
ERR349813,0,0,0,0,1,0,0,0,0,0,0,0
ERR349835,0,0,0,0,1,0,0,0,0,0,0,0
ERR349811,0,0,0,0,0,1,0,0,0,0,0,0
ERR349846,0,0,0,0,0,1,0,0,0,0,0,0
SRR2098701,1,0,0,0,0,0,0,0,0,0,0,0
SRR2098694,1,0,0,0,0,0,0,0,0,0,0,0
SRR2098700,1,0,0,0,0,0,0,0,0,0,0,0
SRR2098764,1,0,0,0,0,0,0,0,0,0,0,0
SRR2098698,1,0,0,0,0,0,0,0,0,0,0,0
SRR2098775,1,0,0,0,0,0,0,0,0,0,0,0
SRR2098814,1,0,0,0,0,0,0,0,0,0,0,0
SRR2098769,1,0,0,0,0,0,0,0,0,0,0,0
SRR2098785,0,0,1,0,0,0,0,0,0,0,0,0
SRR2098760,0,0,1,0,0,0,0,0,0,0,0,0
SRR2098693,0,0,1,0,0,0,0,0,0,0,0,0
SRR2098755,0,0,1,0,0,0,0,0,0,0,0,0
SRR2098690,0,0,0,1,0,0,0,0,0,0,0,0
SRR2098687,0,0,0,1,0,0,0,0,0,0,0,0
SRR2098691,0,0,0,0,1,0,0,0,0,0,0,0
SRR2098758,0,0,0,0,1,0,0,0,0,0,0,0
SRR2098794,0,0,0,0,0,1,0,0,0,0,0,0
SRR2098787,0,0,0,0,0,0,1,0,0,0,0,0
SRR2098759,0,0,0,0,0,0,0,0,0,1,0,0
SRR1166947,0,0,1,0,0,0,0,0,0,0,0,0
SRR1166954,0,0,1,0,0,0,0,0,0,0,0,0
SRR1166966,0,0,1,0,0,0,0,0,0,0,0,0
SRR1167000,0,0,1,0,0,0,0,0,0,0,0,0
SRR1167020,0,0,1,0,0,0,0,0,0,0,0,0
ERR257675,1,0,0,0,0,0,0,0,0,0,0,0
ERR314415,1,0,0,0,0,0,0,0,0,0,0,0
ERR314501,1,0,0,0,0,0,0,0,0,0,0,0
ERR257688,1,0,0,0,0,0,0,0,0,0,0,0
ERR257614,1,0,0,0,0,0,0,0,0,0,0,0
ERR257627,1,0,0,0,0,0,0,0,0,0,0,0
ERR257636,1,0,0,0,0,0,0,0,0,0,0,0
ERR257621,1,0,0,0,0,0,0,0,0,0,0,0
ERR314400,1,0,0,0,0,0,0,0,0,0,0,0
ERR257655,1,0,0,0,0,0,0,0,0,0,0,0
ERR257666,0,0,1,0,0,0,0,0,0,0,0,0
ERR311483,0,0,1,0,0,0,0,0,0,0,0,0
ERR314535,0,0,1,0,0,0,0,0,0,0,0,0
ERR257626,0,0,1,0,0,0,0,0,0,0,0,0
ERR314500,0,0,1,0,0,0,0,0,0,0,0,0
ERR314527,0,0,1,0,0,0,0,0,0,0,0,0
ERR314532,0,0,1,0,0,0,0,0,0,0,0,0
ERR257679,0,0,0,0,1,0,0,0,0,0,0,0
ERR314553,0,0,0,0,1,0,0,0,0,0,0,0
ERR314564,0,0,0,0,0,0,1,0,0,0,0,0
ERR304790,0,0,0,0,0,0,1,0,0,0,0,0
ERR314467,0,0,0,0,0,0,1,0,0,0,0,0
ERR314563,0,0,0,0,0,0,1,0,0,0,0,0
ERR315125,1,0,0,0,0,0,0,0,0,0,0,0
ERR315126,1,0,0,0,0,0,0,0,0,0,0,0
ERR315146,1,0,0,0,0,0,0,0,0,0,0,0
ERR315147,1,0,0,0,0,0,0,0,0,0,0,0
ERR315156,1,0,0,0,0,0,0,0,0,0,0,0
ERR315157,1,0,0,0,0,0,0,0,0,0,0,0
ERR315186,1,0,0,0,0,0,0,0,0,0,0,0
ERR319521,1,0,0,0,0,0,0,0,0,0,0,0
ERR319526,1,0,0,0,0,0,0,0,0,0,0,0
ERR319527,1,0,0,0,0,0,0,0,0,0,0,0
ERR319546,1,0,0,0,0,0,0,0,0,0,0,0
ERR319568,1,0,0,0,0,0,0,0,0,0,0,0
ERR319572,1,0,0,0,0,0,0,0,0,0,0,0
ERR319573,1,0,0,0,0,0,0,0,0,0,0,0
ERR319576,1,0,0,0,0,0,0,0,0,0,0,0
ERR319578,1,0,0,0,0,0,0,0,0,0,0,0
ERR319506,1,0,0,0,0,0,0,0,0,0,0,0
ERR323225,1,0,0,0,0,0,0,0,0,0,0,0
ERR323226,1,0,0,0,0,0,0,0,0,0,0,0
ERR315148,1,0,0,0,0,0,0,0,0,0,0,0
ERR315109,1,0,0,0,0,0,0,0,0,0,0,0
ERR315174,1,0,0,0,0,0,0,0,0,0,0,0
ERR315184,1,0,0,0,0,0,0,0,0,0,0,0
ERR319513,1,0,0,0,0,0,0,0,0,0,0,0
ERR319560,1,0,0,0,0,0,0,0,0,0,0,0
ERR315129,0,0,1,0,0,0,0,0,0,0,0,0
ERR319509,0,0,1,0,0,0,0,0,0,0,0,0
ERR319579,0,0,1,0,0,0,0,0,0,0,0,0
ERR315115,0,0,1,0,0,0,0,0,0,0,0,0
ERR315162,0,0,1,0,0,0,0,0,0,0,0,0
ERR315170,0,0,1,0,0,0,0,0,0,0,0,0
ERR319530,0,0,1,0,0,0,0,0,0,0,0,0
ERR319555,0,0,1,0,0,0,0,0,0,0,0,0
ERR319590,0,0,1,0,0,0,0,0,0,0,0,0
ERR319552,0,0,0,1,0,0,0,0,0,0,0,0
ERR315121,0,0,0,0,1,0,0,0,0,0,0,0
ERR315140,0,0,0,0,1,0,0,0,0,0,0,0
ERR319548,0,0,0,0,1,0,0,0,0,0,0,0
ERR319551,0,0,0,0,1,0,0,0,0,0,0,0
ERR319554,0,0,0,0,1,0,0,0,0,0,0,0
ERR319565,0,0,0,0,1,0,0,0,0,0,0,0
ERR319504,0,0,0,0,1,0,0,0,0,0,0,0
ERR319571,0,0,0,0,1,0,0,0,0,0,0,0
ERR319584,0,0,0,0,1,0,0,0,0,0,0,0
ERR319512,0,0,0,0,0,0,0,1,0,0,0,0
ERR319503,0,0,0,0,0,0,0,1,0,0,0,0
ERR319558,0,0,0,0,0,0,0,1,0,0,0,0
ERR319562,0,0,0,0,0,0,0,1,0,0,0,0
5299_1_1,0,0,0,0,0,0,0,0,0,0,0,1
5151_3_10,1,0,0,0,0,0,0,0,0,0,0,0
5151_3_11,1,0,0,0,0,0,0,0,0,0,0,0
5151_6_3,1,0,0,0,0,0,0,0,0,0,0,0
5151_5_1,1,0,0,0,0,0,0,0,0,0,0,0
5151_5_3,1,0,0,0,0,0,0,0,0,0,0,0
5235_3_4,1,0,0,0,0,0,0,0,0,0,0,0
5235_7_2,1,0,0,0,0,0,0,0,0,0,0,0
5299_7_5,1,0,0,0,0,0,0,0,0,0,0,0
5235_8_6,1,0,0,0,0,0,0,0,0,0,0,0
5193_1_5,1,0,0,0,0,0,0,0,0,0,0,0
5235_5_5,1,0,0,0,0,0,0,0,0,0,0,0
5150_1_10,1,0,0,0,0,0,0,0,0,0,0,0
5150_1_3,1,0,0,0,0,0,0,0,0,0,0,0
5150_2_12,1,0,0,0,0,0,0,0,0,0,0,0
5150_3_10,1,0,0,0,0,0,0,0,0,0,0,0
5151_2_3,1,0,0,0,0,0,0,0,0,0,0,0
5193_8_12,1,0,0,0,0,0,0,0,0,0,0,0
5193_5_10,1,0,0,0,0,0,0,0,0,0,0,0
5197_2_3,1,0,0,0,0,0,0,0,0,0,0,0
5197_7_2,1,0,0,0,0,0,0,0,0,0,0,0
5193_7_6,1,0,0,0,0,0,0,0,0,0,0,0
5193_2_6,1,0,0,0,0,0,0,0,0,0,0,0
5235_8_7,1,0,0,0,0,0,0,0,0,0,0,0
5151_5_4,1,0,0,0,0,0,0,0,0,0,0,0
5299_1_3,1,0,0,0,0,0,0,0,0,0,0,0
5299_7_7,1,0,0,0,0,0,0,0,0,0,0,0
5299_7_3,1,0,0,0,0,0,0,0,0,0,0,0
5235_8_3,1,0,0,0,0,0,0,0,0,0,0,0
5193_3_12,1,0,0,0,0,0,0,0,0,0,0,0
5193_3_6,1,0,0,0,0,0,0,0,0,0,0,0
5193_2_9,1,0,0,0,0,0,0,0,0,0,0,0
5193_2_11,1,0,0,0,0,0,0,0,0,0,0,0
5193_6_10,1,0,0,0,0,0,0,0,0,0,0,0
5197_7_3,1,0,0,0,0,0,0,0,0,0,0,0
5193_1_12,1,0,0,0,0,0,0,0,0,0,0,0
5151_2_11,0,0,1,0,0,0,0,0,0,0,0,0
5150_3_9,0,0,1,0,0,0,0,0,0,0,0,0
5150_5_3,0,0,1,0,0,0,0,0,0,0,0,0
5151_5_12,0,0,1,0,0,0,0,0,0,0,0,0
5197_8_1,0,0,1,0,0,0,0,0,0,0,0,0
5150_3_5,0,0,1,0,0,0,0,0,0,0,0,0
5193_8_10,0,0,1,0,0,0,0,0,0,0,0,0
5193_8_3,0,0,1,0,0,0,0,0,0,0,0,0
5299_1_7,0,0,1,0,0,0,0,0,0,0,0,0
5235_1_11,0,0,1,0,0,0,0,0,0,0,0,0
5235_2_2,0,0,1,0,0,0,0,0,0,0,0,0
5193_2_7,0,0,0,1,0,0,0,0,0,0,0,0
5299_1_2,0,0,0,1,0,0,0,0,0,0,0,0
5235_3_12,0,0,0,1,0,0,0,0,0,0,0,0
5235_7_3,0,0,0,1,0,0,0,0,0,0,0,0
5235_7_4,0,0,0,1,0,0,0,0,0,0,0,0
5299_7_6,0,0,0,1,0,0,0,0,0,0,0,0
5151_6_9,0,0,0,0,1,0,0,0,0,0,0,0
5235_6_12,0,0,0,0,1,0,0,0,0,0,0,0
5235_5_2,0,0,0,0,1,0,0,0,0,0,0,0
5235_8_9,0,0,0,0,1,0,0,0,0,0,0,0
5150_1_9,0,0,0,0,1,0,0,0,0,0,0,0
5150_2_5,0,0,0,0,1,0,0,0,0,0,0,0
5150_2_3,0,0,0,0,1,0,0,0,0,0,0,0
5150_5_7,0,0,0,0,1,0,0,0,0,0,0,0
5193_3_10,0,0,0,0,1,0,0,0,0,0,0,0
5193_8_5,0,0,0,0,1,0,0,0,0,0,0,0
5193_6_2,0,0,0,0,1,0,0,0,0,0,0,0
5299_1_10,0,0,0,0,1,0,0,0,0,0,0,0
5193_7_2,0,0,0,0,1,0,0,0,0,0,0,0
5299_7_1,0,0,0,0,0,1,0,0,0,0,0,0
5150_5_1,0,0,0,0,0,1,0,0,0,0,0,0
5151_6_4,0,0,0,0,0,0,1,0,0,0,0,0
5151_5_8,0,0,0,0,0,0,1,0,0,0,0,0
5193_5_2,0,0,0,0,0,0,1,0,0,0,0,0
5193_5_9,0,0,0,0,0,0,1,0,0,0,0,0
5197_8_2,0,0,0,0,0,0,1,0,0,0,0,0
5197_7_7,0,0,0,0,0,0,0,0,0,1,0,0
ERR3415970,1,0,0,0,0,0,0,0,0,0,0,0
ERR3416056,1,0,0,0,0,0,0,0,0,0,0,0
ERR3416138,1,0,0,0,0,0,0,0,0,0,0,0
ERR3416391,1,0,0,0,0,0,0,0,0,0,0,0
ERR3415947,0,0,0,1,0,0,0,0,0,0,0,0
ERR3415941,0,0,0,0,1,0,0,0,0,0,0,0
ERR3416361,0,0,0,0,1,0,0,0,0,0,0,0
ERR3416366,0,0,0,0,1,0,0,0,0,0,0,0
NUH26_S15_L001,1,0,0,0,0,0,0,0,0,0,0,0
SGH07_S22_L001,1,0,0,0,0,0,0,0,0,0,0,0
TTSH18_S27_L001,1,0,0,0,0,0,0,0,0,0,0,0
NUH36_S19_L001,1,0,0,0,0,0,0,0,0,0,0,0
ERR971964,1,0,0,0,0,0,0,0,0,0,0,0
ERR926439,1,0,0,0,0,0,0,0,0,0,0,0
ERR926443,1,0,0,0,0,0,0,0,0,0,0,0
ERR926371,1,0,0,0,0,0,0,0,0,0,0,0
ERR972022,1,0,0,0,0,0,0,0,0,0,0,0
ERR972001,1,0,0,0,0,0,0,0,0,0,0,0
ERR972005,1,0,0,0,0,0,0,0,0,0,0,0
ERR971948,1,0,0,0,0,0,0,0,0,0,0,0
ERR971999,1,0,0,0,0,0,0,0,0,0,0,0
ERR972026,1,0,0,0,0,0,0,0,0,0,0,0
ERR972012,1,0,0,0,0,0,0,0,0,0,0,0
ERR971972,1,0,0,0,0,0,0,0,0,0,0,0
ERR971985,1,0,0,0,0,0,0,0,0,0,0,0
ERR971998,1,0,0,0,0,0,0,0,0,0,0,0
ERR971953,1,0,0,0,0,0,0,0,0,0,0,0
ERR972006,1,0,0,0,0,0,0,0,0,0,0,0
ERR972031,0,0,1,0,0,0,0,0,0,0,0,0
ERR971955,0,0,1,0,0,0,0,0,0,0,0,0
ERR972007,0,0,1,0,0,0,0,0,0,0,0,0
ERR972011,0,0,1,0,0,0,0,0,0,0,0,0
ERR972018,0,0,1,0,0,0,0,0,0,0,0,0
ERR971949,0,0,0,0,0,0,1,0,0,0,0,0
ERR971967,0,0,0,0,0,0,0,1,0,0,0,0
GCF_003830175.1,0,0,0,0,0,0,0,0,0,0,0,1
GCF_002182145.1,0,0,0,0,0,0,0,0,0,0,0,1
GCF_900774835.1,0,0,0,0,0,0,0,0,0,0,0,1
GCF_900776315.1,0,0,0,0,0,0,0,0,0,0,0,1
GCF_900451755.1,0,0,0,0,0,0,0,0,0,0,0,1
GCF_900452235.1,0,0,0,0,0,0,0,0,0,0,0,1
GCF_900451575.1,0,0,0,0,0,0,0,0,0,0,0,1
GCF_003954505.1,0,0,0,0,0,0,0,0,0,0,0,1
GCF_900172715.1,0,0,0,0,0,0,0,0,0,0,0,1
GCF_001056275.1,0,0,0,0,0,0,0,0,0,0,0,1
GCF_900775505.1,0,0,0,0,0,0,0,0,0,0,0,1
GCF_900085665.1,0,0,0,0,0,0,0,0,0,0,0,1
GCF_900085705.1,0,0,0,0,0,0,0,0,0,0,0,1
GCF_011008895.1,0,0,0,0,0,0,0,0,0,0,0,1
GCF_003195145.1,0,0,0,0,0,0,0,0,0,0,0,1
GCF_900084385.1,0,1,0,0,0,0,0,0,0,0,0,0
GCF_900173235.1,0,1,0,0,0,0,0,0,0,0,0,0
GCF_004320595.1,0,1,0,0,0,0,0,0,0,0,0,0
GCF_004320625.1,0,1,0,0,0,0,0,0,0,0,0,0
GCF_900635125.1,0,1,0,0,0,0,0,0,0,0,0,0
GCF_003664765.1,1,0,0,0,0,0,0,0,0,0,0,0
GCF_012167075.1,1,0,0,0,0,0,0,0,0,0,0,0
GCF_004127835.1,1,0,0,0,0,0,0,0,0,0,0,0
GCF_003830245.1,1,0,0,0,0,0,0,0,0,0,0,0
GCF_009646185.1,1,0,0,0,0,0,0,0,0,0,0,0
GCF_003063145.1,1,0,0,0,0,0,0,0,0,0,0,0
GCF_003062765.1,1,0,0,0,0,0,0,0,0,0,0,0
GCF_003062805.1,1,0,0,0,0,0,0,0,0,0,0,0
GCF_003062585.1,1,0,0,0,0,0,0,0,0,0,0,0
GCF_001720645.1,1,0,0,0,0,0,0,0,0,0,0,0
GCF_003346685.1,1,0,0,0,0,0,0,0,0,0,0,0
GCF_002411735.1,1,0,0,0,0,0,0,0,0,0,0,0
GCF_000747055.1,1,0,0,0,0,0,0,0,0,0,0,0
GCF_003598825.1,1,0,0,0,0,0,0,0,0,0,0,0
GCF_008572955.1,1,0,0,0,0,0,0,0,0,0,0,0
GCF_002173955.1,1,0,0,0,0,0,0,0,0,0,0,0
GCF_011044535.1,1,0,0,0,0,0,0,0,0,0,0,0
GCF_000788025.1,1,0,0,0,0,0,0,0,0,0,0,0
GCF_008830605.1,1,0,0,0,0,0,0,0,0,0,0,0
GCF_002182205.1,1,0,0,0,0,0,0,0,0,0,0,0
GCF_002182235.1,1,0,0,0,0,0,0,0,0,0,0,0
GCF_001060895.1,1,0,0,0,0,0,0,0,0,0,0,0
GCF_001060495.1,1,0,0,0,0,0,0,0,0,0,0,0
GCF_001062915.1,1,0,0,0,0,0,0,0,0,0,0,0
GCF_900083665.1,1,0,0,0,0,0,0,0,0,0,0,0
GCF_900181355.1,1,0,0,0,0,0,0,0,0,0,0,0
GCF_900182215.1,1,0,0,0,0,0,0,0,0,0,0,0
GCF_900181115.1,1,0,0,0,0,0,0,0,0,0,0,0
GCF_900181455.1,1,0,0,0,0,0,0,0,0,0,0,0
GCF_900493815.1,1,0,0,0,0,0,0,0,0,0,0,0
GCF_900493885.1,1,0,0,0,0,0,0,0,0,0,0,0
GCF_900494115.1,1,0,0,0,0,0,0,0,0,0,0,0
GCF_900494185.1,1,0,0,0,0,0,0,0,0,0,0,0
GCF_900494335.1,1,0,0,0,0,0,0,0,0,0,0,0
GCF_900493515.1,1,0,0,0,0,0,0,0,0,0,0,0
GCF_900492885.1,1,0,0,0,0,0,0,0,0,0,0,0
GCF_900492965.1,1,0,0,0,0,0,0,0,0,0,0,0
GCF_902161365.1,1,0,0,0,0,0,0,0,0,0,0,0
GCF_902166475.1,1,0,0,0,0,0,0,0,0,0,0,0
GCF_902163245.1,1,0,0,0,0,0,0,0,0,0,0,0
GCF_902165145.1,1,0,0,0,0,0,0,0,0,0,0,0
GCF_902165045.1,1,0,0,0,0,0,0,0,0,0,0,0
GCF_900775605.1,1,0,0,0,0,0,0,0,0,0,0,0
GCF_900775585.1,1,0,0,0,0,0,0,0,0,0,0,0
GCF_900774145.1,1,0,0,0,0,0,0,0,0,0,0,0
GCF_900774115.1,1,0,0,0,0,0,0,0,0,0,0,0
GCF_900774415.1,1,0,0,0,0,0,0,0,0,0,0,0
GCF_900774625.1,1,0,0,0,0,0,0,0,0,0,0,0
GCF_900774695.1,1,0,0,0,0,0,0,0,0,0,0,0
GCF_900774715.1,1,0,0,0,0,0,0,0,0,0,0,0
GCF_900775775.1,1,0,0,0,0,0,0,0,0,0,0,0
GCF_900775795.1,1,0,0,0,0,0,0,0,0,0,0,0
GCF_900775825.1,1,0,0,0,0,0,0,0,0,0,0,0
GCF_900775955.1,1,0,0,0,0,0,0,0,0,0,0,0
GCF_900776225.1,1,0,0,0,0,0,0,0,0,0,0,0
GCF_900776215.1,1,0,0,0,0,0,0,0,0,0,0,0
GCF_010590705.1,1,0,0,0,0,0,0,0,0,0,0,0
GCF_010597245.1,1,0,0,0,0,0,0,0,0,0,0,0
GCF_001929345.1,1,0,0,0,0,0,0,0,0,0,0,0
GCF_002866585.1,1,0,0,0,0,0,0,0,0,0,0,0
GCF_002866675.1,1,0,0,0,0,0,0,0,0,0,0,0
GCF_002775555.1,1,0,0,0,0,0,0,0,0,0,0,0
GCF_001441295.1,1,0,0,0,0,0,0,0,0,0,0,0
GCF_902506915.1,1,0,0,0,0,0,0,0,0,0,0,0
GCF_011742195.1,1,0,0,0,0,0,0,0,0,0,0,0
GCF_011742585.2,1,0,0,0,0,0,0,0,0,0,0,0
GCF_011759445.1,1,0,0,0,0,0,0,0,0,0,0,0
GCF_011742075.1,1,0,0,0,0,0,0,0,0,0,0,0
GCF_000764635.1,1,0,0,0,0,0,0,0,0,0,0,0
GCF_002188175.1,1,0,0,0,0,0,0,0,0,0,0,0
GCF_001034055.1,1,0,0,0,0,0,0,0,0,0,0,0
GCF_011742415.2,1,0,0,0,0,0,0,0,0,0,0,0
GCF_000492735.1,1,0,0,0,0,0,0,0,0,0,0,0
GCF_013169065.1,1,0,0,0,0,0,0,0,0,0,0,0
GCF_001720905.1,1,0,0,0,0,0,0,0,0,0,0,0
GCF_002851245.1,1,0,0,0,0,0,0,0,0,0,0,0
GCF_002853815.1,1,0,0,0,0,0,0,0,0,0,0,0
GCF_002851055.1,1,0,0,0,0,0,0,0,0,0,0,0
GCF_002851015.1,1,0,0,0,0,0,0,0,0,0,0,0
GCF_002855015.1,1,0,0,0,0,0,0,0,0,0,0,0
GCF_009661195.1,1,0,0,0,0,0,0,0,0,0,0,0
GCF_002184745.2,1,0,0,0,0,0,0,0,0,0,0,0
GCF_002936165.2,1,0,0,0,0,0,0,0,0,0,0,0
GCF_002935445.2,1,0,0,0,0,0,0,0,0,0,0,0
GCF_902507105.1,1,0,0,0,0,0,0,0,0,0,0,0
GCF_003227135.1,1,0,0,0,0,0,0,0,0,0,0,0
GCF_003227305.1,1,0,0,0,0,0,0,0,0,0,0,0
GCF_003227275.1,1,0,0,0,0,0,0,0,0,0,0,0
GCF_003226945.1,1,0,0,0,0,0,0,0,0,0,0,0
GCF_003226905.1,1,0,0,0,0,0,0,0,0,0,0,0
GCF_000281755.1,1,0,0,0,0,0,0,0,0,0,0,0
GCF_902507245.1,1,0,0,0,0,0,0,0,0,0,0,0
GCF_902507285.1,1,0,0,0,0,0,0,0,0,0,0,0
GCF_004120155.1,1,0,0,0,0,0,0,0,0,0,0,0
GCF_008087375.1,1,0,0,0,0,0,0,0,0,0,0,0
GCF_002187385.1,1,0,0,0,0,0,0,0,0,0,0,0
GCF_002239965.1,1,0,0,0,0,0,0,0,0,0,0,0
GCF_003977495.1,1,0,0,0,0,0,0,0,0,0,0,0
GCF_002157345.1,1,0,0,0,0,0,0,0,0,0,0,0
GCF_002241035.1,1,0,0,0,0,0,0,0,0,0,0,0
GCF_900498355.1,1,0,0,0,0,0,0,0,0,0,0,0
GCF_900498885.1,1,0,0,0,0,0,0,0,0,0,0,0
GCF_900498695.1,1,0,0,0,0,0,0,0,0,0,0,0
GCF_900498645.1,1,0,0,0,0,0,0,0,0,0,0,0
GCF_900498445.1,1,0,0,0,0,0,0,0,0,0,0,0
GCF_002795445.1,1,0,0,0,0,0,0,0,0,0,0,0
GCF_002795625.1,1,0,0,0,0,0,0,0,0,0,0,0
GCF_900086015.1,1,0,0,0,0,0,0,0,0,0,0,0
GCF_900084085.1,1,0,0,0,0,0,0,0,0,0,0,0
GCF_900085385.1,1,0,0,0,0,0,0,0,0,0,0,0
GCF_900085575.1,1,0,0,0,0,0,0,0,0,0,0,0
GCF_900085645.1,1,0,0,0,0,0,0,0,0,0,0,0
GCF_900085745.1,1,0,0,0,0,0,0,0,0,0,0,0
GCF_900086005.1,1,0,0,0,0,0,0,0,0,0,0,0
GCF_900084815.1,1,0,0,0,0,0,0,0,0,0,0,0
GCF_003034445.1,1,0,0,0,0,0,0,0,0,0,0,0
GCF_002269865.1,1,0,0,0,0,0,0,0,0,0,0,0
GCF_900084975.1,1,0,0,0,0,0,0,0,0,0,0,0
GCF_900407195.1,1,0,0,0,0,0,0,0,0,0,0,0
GCF_900407275.1,1,0,0,0,0,0,0,0,0,0,0,0
GCF_900407265.1,1,0,0,0,0,0,0,0,0,0,0,0
GCF_012952385.1,1,0,0,0,0,0,0,0,0,0,0,0
GCF_003861425.1,1,0,0,0,0,0,0,0,0,0,0,0
GCF_003860845.1,1,0,0,0,0,0,0,0,0,0,0,0
GCF_903171865.1,1,0,0,0,0,0,0,0,0,0,0,0
GCF_903171875.1,1,0,0,0,0,0,0,0,0,0,0,0
GCF_003226095.1,1,0,0,0,0,0,0,0,0,0,0,0
GCF_002872205.1,1,0,0,0,0,0,0,0,0,0,0,0
GCF_003057345.1,1,0,0,0,0,0,0,0,0,0,0,0
GCF_012944055.1,1,0,0,0,0,0,0,0,0,0,0,0
GCF_012027195.1,1,0,0,0,0,0,0,0,0,0,0,0
GCF_902704635.1,1,0,0,0,0,0,0,0,0,0,0,0
GCF_902703695.1,1,0,0,0,0,0,0,0,0,0,0,0
GCF_902703855.1,1,0,0,0,0,0,0,0,0,0,0,0
GCF_902704645.1,1,0,0,0,0,0,0,0,0,0,0,0
GCF_000695935.1,1,0,0,0,0,0,0,0,0,0,0,0
GCF_003363735.1,1,0,0,0,0,0,0,0,0,0,0,0
GCF_013375185.1,1,0,0,0,0,0,0,0,0,0,0,0
GCF_003428845.1,1,0,0,0,0,0,0,0,0,0,0,0
GCF_001033755.1,1,0,0,0,0,0,0,0,0,0,0,0
GCF_001033975.1,1,0,0,0,0,0,0,0,0,0,0,0
GCF_003115155.1,1,0,0,0,0,0,0,0,0,0,0,0
GCF_009937845.1,1,0,0,0,0,0,0,0,0,0,0,0
GCF_000981955.1,1,0,0,0,0,0,0,0,0,0,0,0
GCF_000982215.1,1,0,0,0,0,0,0,0,0,0,0,0
GCF_008082915.1,1,0,0,0,0,0,0,0,0,0,0,0
GCF_900451595.1,1,0,0,0,0,0,0,0,0,0,0,0
GCF_900451605.1,1,0,0,0,0,0,0,0,0,0,0,0
GCF_900451355.1,1,0,0,0,0,0,0,0,0,0,0,0
GCF_900461475.1,1,0,0,0,0,0,0,0,0,0,0,0
GCF_900452365.1,1,0,0,0,0,0,0,0,0,0,0,0
GCF_900452445.1,1,0,0,0,0,0,0,0,0,0,0,0
GCF_900452095.1,1,0,0,0,0,0,0,0,0,0,0,0
GCF_011682815.1,1,0,0,0,0,0,0,0,0,0,0,0
GCF_006130485.1,1,0,0,0,0,0,0,0,0,0,0,0
GCF_006937825.1,1,0,0,0,0,0,0,0,0,0,0,0
GCF_006937755.1,1,0,0,0,0,0,0,0,0,0,0,0
GCF_002944845.1,1,0,0,0,0,0,0,0,0,0,0,0
GCF_008120365.1,1,0,0,0,0,0,0,0,0,0,0,0
GCF_900092795.1,1,0,0,0,0,0,0,0,0,0,0,0
GCF_003006495.1,1,0,0,0,0,0,0,0,0,0,0,0
GCF_001530015.1,1,0,0,0,0,0,0,0,0,0,0,0
GCF_000821665.1,1,0,0,0,0,0,0,0,0,0,0,0
GCF_000821905.1,1,0,0,0,0,0,0,0,0,0,0,0
GCF_900978065.1,1,0,0,0,0,0,0,0,0,0,0,0
GCF_003194955.1,1,0,0,0,0,0,0,0,0,0,0,0
GCF_001701575.1,1,0,0,0,0,0,0,0,0,0,0,0
GCF_001701755.1,1,0,0,0,0,0,0,0,0,0,0,0
GCF_002417075.1,1,0,0,0,0,0,0,0,0,0,0,0
GCF_002417305.1,1,0,0,0,0,0,0,0,0,0,0,0
GCF_002417105.1,1,0,0,0,0,0,0,0,0,0,0,0
GCF_008081905.1,1,0,0,0,0,0,0,0,0,0,0,0
GCF_008082105.1,1,0,0,0,0,0,0,0,0,0,0,0
GCF_003437295.1,1,0,0,0,0,0,0,0,0,0,0,0
GCF_004312045.1,1,0,0,0,0,0,0,0,0,0,0,0
GCF_004312465.1,1,0,0,0,0,0,0,0,0,0,0,0
GCF_004312525.1,1,0,0,0,0,0,0,0,0,0,0,0
GCF_004313005.1,1,0,0,0,0,0,0,0,0,0,0,0
GCF_900173395.1,1,0,0,0,0,0,0,0,0,0,0,0
GCF_003312145.1,1,0,0,0,0,0,0,0,0,0,0,0
GCF_013283935.1,1,0,0,0,0,0,0,0,0,0,0,0
GCF_003196295.1,1,0,0,0,0,0,0,0,0,0,0,0
GCF_003196935.1,1,0,0,0,0,0,0,0,0,0,0,0
GCF_003195655.1,1,0,0,0,0,0,0,0,0,0,0,0
GCF_902508555.1,1,0,0,0,0,0,0,0,0,0,0,0
GCF_902508735.1,1,0,0,0,0,0,0,0,0,0,0,0
GCF_902508845.1,1,0,0,0,0,0,0,0,0,0,0,0
GCF_902509265.1,1,0,0,0,0,0,0,0,0,0,0,0
GCF_902509185.1,1,0,0,0,0,0,0,0,0,0,0,0
GCF_902509385.1,1,0,0,0,0,0,0,0,0,0,0,0
GCF_902509425.1,1,0,0,0,0,0,0,0,0,0,0,0
GCF_902508285.1,1,0,0,0,0,0,0,0,0,0,0,0
GCF_901421045.1,1,0,0,0,0,0,0,0,0,0,0,0
GCF_901420605.1,1,0,0,0,0,0,0,0,0,0,0,0
GCF_901420465.1,1,0,0,0,0,0,0,0,0,0,0,0
GCF_901422065.1,1,0,0,0,0,0,0,0,0,0,0,0
GCF_009822605.1,1,0,0,0,0,0,0,0,0,0,0,0
GCF_900171745.1,1,0,0,0,0,0,0,0,0,0,0,0
GCF_900171755.1,1,0,0,0,0,0,0,0,0,0,0,0
GCF_900172055.1,1,0,0,0,0,0,0,0,0,0,0,0
GCF_900171855.1,1,0,0,0,0,0,0,0,0,0,0,0
GCF_002180255.1,1,0,0,0,0,0,0,0,0,0,0,0
GCF_001720695.1,1,0,0,0,0,0,0,0,0,0,0,0
GCF_900451615.1,1,0,0,0,0,0,0,0,0,0,0,0
GCF_901420755.1,1,0,0,0,0,0,0,0,0,0,0,0
GCF_900452505.1,1,0,0,0,0,0,0,0,0,0,0,0
GCF_900451885.1,1,0,0,0,0,0,0,0,0,0,0,0
GCF_900451185.1,1,0,0,0,0,0,0,0,0,0,0,0
GCF_003339395.1,1,0,0,0,0,0,0,0,0,0,0,0
GCF_012102535.1,1,0,0,0,0,0,0,0,0,0,0,0
GCF_012167385.1,1,0,0,0,0,0,0,0,0,0,0,0
GCF_012113635.1,1,0,0,0,0,0,0,0,0,0,0,0
GCF_900707015.1,1,0,0,0,0,0,0,0,0,0,0,0
GCF_001308905.1,1,0,0,0,0,0,0,0,0,0,0,0
GCF_003121425.1,1,0,0,0,0,0,0,0,0,0,0,0
GCF_003965135.1,1,0,0,0,0,0,0,0,0,0,0,0
GCF_003936515.1,1,0,0,0,0,0,0,0,0,0,0,0
GCF_003937235.1,1,0,0,0,0,0,0,0,0,0,0,0
GCF_003936425.1,1,0,0,0,0,0,0,0,0,0,0,0
GCF_003936375.1,1,0,0,0,0,0,0,0,0,0,0,0
GCF_002935085.1,1,0,0,0,0,0,0,0,0,0,0,0
GCF_002903005.1,1,0,0,0,0,0,0,0,0,0,0,0
GCF_902754115.1,1,0,0,0,0,0,0,0,0,0,0,0
GCF_003664865.1,1,0,0,0,0,0,0,0,0,0,0,0
GCF_900172665.1,1,0,0,0,0,0,0,0,0,0,0,0
GCF_900172865.1,1,0,0,0,0,0,0,0,0,0,0,0
GCF_009925405.1,1,0,0,0,0,0,0,0,0,0,0,0
GCF_004803085.1,1,0,0,0,0,0,0,0,0,0,0,0
GCF_003382225.1,1,0,0,0,0,0,0,0,0,0,0,0
GCF_009935695.1,1,0,0,0,0,0,0,0,0,0,0,0
GCF_011044835.1,1,0,0,0,0,0,0,0,0,0,0,0
GCF_009497755.1,1,0,0,0,0,0,0,0,0,0,0,0
GCF_008830645.1,1,0,0,0,0,0,0,0,0,0,0,0
GCF_002180685.1,1,0,0,0,0,0,0,0,0,0,0,0
GCF_001647465.1,1,0,0,0,0,0,0,0,0,0,0,0
GCF_008867865.1,1,0,0,0,0,0,0,0,0,0,0,0
GCF_001462885.1,1,0,0,0,0,0,0,0,0,0,0,0
GCF_001062535.1,1,0,0,0,0,0,0,0,0,0,0,0
GCF_900181205.1,1,0,0,0,0,0,0,0,0,0,0,0
GCF_900494205.1,1,0,0,0,0,0,0,0,0,0,0,0
GCF_900494315.1,1,0,0,0,0,0,0,0,0,0,0,0
GCF_900494275.1,1,0,0,0,0,0,0,0,0,0,0,0
GCF_902161355.1,1,0,0,0,0,0,0,0,0,0,0,0
GCF_902161315.1,1,0,0,0,0,0,0,0,0,0,0,0
GCF_902161675.1,1,0,0,0,0,0,0,0,0,0,0,0
GCF_902165195.1,1,0,0,0,0,0,0,0,0,0,0,0
GCF_001701985.1,1,0,0,0,0,0,0,0,0,0,0,0
GCF_900775105.1,1,0,0,0,0,0,0,0,0,0,0,0
GCF_900774955.1,1,0,0,0,0,0,0,0,0,0,0,0
GCF_900774985.1,1,0,0,0,0,0,0,0,0,0,0,0
GCF_900774375.1,1,0,0,0,0,0,0,0,0,0,0,0
GCF_900775915.1,1,0,0,0,0,0,0,0,0,0,0,0
GCF_900776175.1,1,0,0,0,0,0,0,0,0,0,0,0
GCF_900776245.1,1,0,0,0,0,0,0,0,0,0,0,0
GCF_900776335.1,1,0,0,0,0,0,0,0,0,0,0,0
GCF_900775665.1,1,0,0,0,0,0,0,0,0,0,0,0
GCF_001065795.1,1,0,0,0,0,0,0,0,0,0,0,0
GCF_003469885.1,1,0,0,0,0,0,0,0,0,0,0,0
GCF_010590345.1,1,0,0,0,0,0,0,0,0,0,0,0
GCF_010590265.1,1,0,0,0,0,0,0,0,0,0,0,0
GCF_002300775.1,1,0,0,0,0,0,0,0,0,0,0,0
GCF_902506815.1,1,0,0,0,0,0,0,0,0,0,0,0
GCF_001033995.1,1,0,0,0,0,0,0,0,0,0,0,0
GCF_001033445.1,1,0,0,0,0,0,0,0,0,0,0,0
GCF_013170505.1,1,0,0,0,0,0,0,0,0,0,0,0
GCF_008931565.1,1,0,0,0,0,0,0,0,0,0,0,0
GCF_001032845.1,1,0,0,0,0,0,0,0,0,0,0,0
GCF_002854055.1,1,0,0,0,0,0,0,0,0,0,0,0
GCF_002854745.1,1,0,0,0,0,0,0,0,0,0,0,0
GCF_002853725.1,1,0,0,0,0,0,0,0,0,0,0,0
GCF_002851195.1,1,0,0,0,0,0,0,0,0,0,0,0
GCF_002851475.1,1,0,0,0,0,0,0,0,0,0,0,0
GCF_002850795.1,1,0,0,0,0,0,0,0,0,0,0,0
GCF_002935325.2,1,0,0,0,0,0,0,0,0,0,0,0
GCF_902506985.1,1,0,0,0,0,0,0,0,0,0,0,0
GCF_902507155.1,1,0,0,0,0,0,0,0,0,0,0,0
GCF_001534855.2,1,0,0,0,0,0,0,0,0,0,0,0
GCF_002188075.1,1,0,0,0,0,0,0,0,0,0,0,0
GCF_002187395.1,1,0,0,0,0,0,0,0,0,0,0,0
GCF_008756815.1,1,0,0,0,0,0,0,0,0,0,0,0
GCF_013187705.1,1,0,0,0,0,0,0,0,0,0,0,0
GCF_009898185.1,1,0,0,0,0,0,0,0,0,0,0,0
GCF_003312195.1,1,0,0,0,0,0,0,0,0,0,0,0
GCF_900085225.1,1,0,0,0,0,0,0,0,0,0,0,0
GCF_900084435.1,1,0,0,0,0,0,0,0,0,0,0,0
GCF_900084185.1,1,0,0,0,0,0,0,0,0,0,0,0
GCF_900084115.1,1,0,0,0,0,0,0,0,0,0,0,0
GCF_900085955.1,1,0,0,0,0,0,0,0,0,0,0,0
GCF_900086345.1,1,0,0,0,0,0,0,0,0,0,0,0
GCF_900084545.1,1,0,0,0,0,0,0,0,0,0,0,0
GCF_900085245.1,1,0,0,0,0,0,0,0,0,0,0,0
GCF_900085515.1,1,0,0,0,0,0,0,0,0,0,0,0
GCF_900084715.1,1,0,0,0,0,0,0,0,0,0,0,0
GCF_900085685.1,1,0,0,0,0,0,0,0,0,0,0,0
GCF_900084735.1,1,0,0,0,0,0,0,0,0,0,0,0
GCF_900084785.1,1,0,0,0,0,0,0,0,0,0,0,0
GCF_002264435.1,1,0,0,0,0,0,0,0,0,0,0,0
GCF_900086075.1,1,0,0,0,0,0,0,0,0,0,0,0
GCF_900085055.1,1,0,0,0,0,0,0,0,0,0,0,0
GCF_900085865.1,1,0,0,0,0,0,0,0,0,0,0,0
GCF_002887675.1,1,0,0,0,0,0,0,0,0,0,0,0
GCF_900084955.1,1,0,0,0,0,0,0,0,0,0,0,0
GCF_900086125.1,1,0,0,0,0,0,0,0,0,0,0,0
GCF_900085205.1,1,0,0,0,0,0,0,0,0,0,0,0
GCF_900407035.1,1,0,0,0,0,0,0,0,0,0,0,0
GCF_900407155.1,1,0,0,0,0,0,0,0,0,0,0,0
GCF_900407175.1,1,0,0,0,0,0,0,0,0,0,0,0
GCF_900407315.1,1,0,0,0,0,0,0,0,0,0,0,0
GCF_012952405.1,1,0,0,0,0,0,0,0,0,0,0,0
GCF_003865115.1,1,0,0,0,0,0,0,0,0,0,0,0
GCF_003225795.1,1,0,0,0,0,0,0,0,0,0,0,0
GCF_002845885.1,1,0,0,0,0,0,0,0,0,0,0,0
GCF_002248115.2,1,0,0,0,0,0,0,0,0,0,0,0
GCF_001033675.1,1,0,0,0,0,0,0,0,0,0,0,0
GCF_012056395.1,1,0,0,0,0,0,0,0,0,0,0,0
GCF_001546515.1,1,0,0,0,0,0,0,0,0,0,0,0
GCF_000982205.1,1,0,0,0,0,0,0,0,0,0,0,0
GCF_011682845.1,1,0,0,0,0,0,0,0,0,0,0,0
GCF_008120645.1,1,0,0,0,0,0,0,0,0,0,0,0
GCF_008120605.1,1,0,0,0,0,0,0,0,0,0,0,0
GCF_008120045.1,1,0,0,0,0,0,0,0,0,0,0,0
GCF_008119815.1,1,0,0,0,0,0,0,0,0,0,0,0
GCF_008630225.1,1,0,0,0,0,0,0,0,0,0,0,0
GCF_008630125.1,1,0,0,0,0,0,0,0,0,0,0,0
GCF_002186895.1,1,0,0,0,0,0,0,0,0,0,0,0
GCF_002186705.1,1,0,0,0,0,0,0,0,0,0,0,0
GCF_000822965.1,1,0,0,0,0,0,0,0,0,0,0,0
GCF_003286995.1,1,0,0,0,0,0,0,0,0,0,0,0
GCF_001720625.1,1,0,0,0,0,0,0,0,0,0,0,0
GCF_003194965.1,1,0,0,0,0,0,0,0,0,0,0,0
GCF_004924315.1,1,0,0,0,0,0,0,0,0,0,0,0
GCF_003569855.1,1,0,0,0,0,0,0,0,0,0,0,0
GCF_003569845.1,1,0,0,0,0,0,0,0,0,0,0,0
GCF_000710805.1,1,0,0,0,0,0,0,0,0,0,0,0
GCF_001611095.1,1,0,0,0,0,0,0,0,0,0,0,0
GCF_001611055.1,1,0,0,0,0,0,0,0,0,0,0,0
GCF_004311145.1,1,0,0,0,0,0,0,0,0,0,0,0
GCF_004311865.1,1,0,0,0,0,0,0,0,0,0,0,0
GCF_002186435.1,1,0,0,0,0,0,0,0,0,0,0,0
GCF_003196555.1,1,0,0,0,0,0,0,0,0,0,0,0
GCF_902508605.1,1,0,0,0,0,0,0,0,0,0,0,0
GCF_902508635.1,1,0,0,0,0,0,0,0,0,0,0,0
GCF_902508795.1,1,0,0,0,0,0,0,0,0,0,0,0
GCF_902509275.1,1,0,0,0,0,0,0,0,0,0,0,0
GCF_902508465.1,1,0,0,0,0,0,0,0,0,0,0,0
GCF_010586985.1,1,0,0,0,0,0,0,0,0,0,0,0
GCF_004402035.1,1,0,0,0,0,0,0,0,0,0,0,0
GCF_002202275.1,1,0,0,0,0,0,0,0,0,0,0,0
GCF_000949515.1,1,0,0,0,0,0,0,0,0,0,0,0
GCF_004023985.1,1,0,0,0,0,0,0,0,0,0,0,0
GCF_900451655.1,1,0,0,0,0,0,0,0,0,0,0,0
GCF_004127495.1,0,0,1,0,0,0,0,0,0,0,0,0
GCF_009184445.1,0,0,1,0,0,0,0,0,0,0,0,0
GCF_009184435.1,0,0,1,0,0,0,0,0,0,0,0,0
GCF_003937465.1,0,0,1,0,0,0,0,0,0,0,0,0
GCF_003937005.1,0,0,1,0,0,0,0,0,0,0,0,0
GCF_900172185.1,0,0,1,0,0,0,0,0,0,0,0,0
GCF_900171905.1,0,0,1,0,0,0,0,0,0,0,0,0
GCF_900092865.1,0,0,1,0,0,0,0,0,0,0,0,0
GCF_002182575.1,0,0,1,0,0,0,0,0,0,0,0,0
GCF_008867725.1,0,0,1,0,0,0,0,0,0,0,0,0
GCF_900084005.1,0,0,1,0,0,0,0,0,0,0,0,0
GCF_900494675.1,0,0,1,0,0,0,0,0,0,0,0,0
GCF_900494145.1,0,0,1,0,0,0,0,0,0,0,0,0
GCF_900494305.1,0,0,1,0,0,0,0,0,0,0,0,0
GCF_900493325.1,0,0,1,0,0,0,0,0,0,0,0,0
GCF_902165635.1,0,0,1,0,0,0,0,0,0,0,0,0
GCF_900774895.1,0,0,1,0,0,0,0,0,0,0,0,0
GCF_900775375.1,0,0,1,0,0,0,0,0,0,0,0,0
GCF_900775805.1,0,0,1,0,0,0,0,0,0,0,0,0
GCF_002187735.1,0,0,1,0,0,0,0,0,0,0,0,0
GCF_002108275.1,0,0,1,0,0,0,0,0,0,0,0,0
GCF_002776395.1,0,0,1,0,0,0,0,0,0,0,0,0
GCF_007993545.1,0,0,1,0,0,0,0,0,0,0,0,0
GCF_001031245.1,0,0,1,0,0,0,0,0,0,0,0,0
GCF_001032125.1,0,0,1,0,0,0,0,0,0,0,0,0
GCF_002854585.1,0,0,1,0,0,0,0,0,0,0,0,0
GCF_900498995.1,0,0,1,0,0,0,0,0,0,0,0,0
GCF_900086265.1,0,0,1,0,0,0,0,0,0,0,0,0
GCF_900086365.1,0,0,1,0,0,0,0,0,0,0,0,0
GCF_900084595.1,0,0,1,0,0,0,0,0,0,0,0,0
GCF_900086155.1,0,0,1,0,0,0,0,0,0,0,0,0
GCF_001460505.1,0,0,1,0,0,0,0,0,0,0,0,0
GCF_001693715.1,0,0,1,0,0,0,0,0,0,0,0,0
GCF_003123945.1,0,0,1,0,0,0,0,0,0,0,0,0
GCF_003432145.1,0,0,1,0,0,0,0,0,0,0,0,0
GCF_002903965.1,0,0,1,0,0,0,0,0,0,0,0,0
GCF_000694515.1,0,0,1,0,0,0,0,0,0,0,0,0
GCF_000773875.1,0,0,1,0,0,0,0,0,0,0,0,0
GCF_008083005.1,0,0,1,0,0,0,0,0,0,0,0,0
GCF_900451425.1,0,0,1,0,0,0,0,0,0,0,0,0
GCF_900451395.1,0,0,1,0,0,0,0,0,0,0,0,0
GCF_006131185.1,0,0,1,0,0,0,0,0,0,0,0,0
GCF_900092705.1,0,0,1,0,0,0,0,0,0,0,0,0
GCF_000822245.1,0,0,1,0,0,0,0,0,0,0,0,0
GCF_000823005.1,0,0,1,0,0,0,0,0,0,0,0,0
GCF_003363555.1,0,0,1,0,0,0,0,0,0,0,0,0
GCF_009746245.1,0,0,1,0,0,0,0,0,0,0,0,0
GCF_008081755.1,0,0,1,0,0,0,0,0,0,0,0,0
GCF_004311125.1,0,0,1,0,0,0,0,0,0,0,0,0
GCF_004311605.1,0,0,1,0,0,0,0,0,0,0,0,0
GCF_004311625.1,0,0,1,0,0,0,0,0,0,0,0,0
GCF_004313185.1,0,0,1,0,0,0,0,0,0,0,0,0
GCF_004313665.1,0,0,1,0,0,0,0,0,0,0,0,0
GCF_900173825.1,0,0,1,0,0,0,0,0,0,0,0,0
GCF_002851905.1,0,0,1,0,0,0,0,0,0,0,0,0
GCF_003262545.1,0,0,1,0,0,0,0,0,0,0,0,0
GCF_002257975.1,0,0,1,0,0,0,0,0,0,0,0,0
GCF_002257935.3,0,0,1,0,0,0,0,0,0,0,0,0
GCF_002258175.1,0,0,1,0,0,0,0,0,0,0,0,0
GCF_902508935.1,0,0,1,0,0,0,0,0,0,0,0,0
GCF_900451495.1,0,0,1,0,0,0,0,0,0,0,0,0
GCF_900451765.1,0,0,1,0,0,0,0,0,0,0,0,0
GCF_003664915.1,0,0,1,0,0,0,0,0,0,0,0,0
GCF_012167215.1,0,0,1,0,0,0,0,0,0,0,0,0
GCF_000812525.1,0,0,1,0,0,0,0,0,0,0,0,0
GCF_003937145.1,0,0,1,0,0,0,0,0,0,0,0,0
GCF_003937075.1,0,0,1,0,0,0,0,0,0,0,0,0
GCF_003937475.1,0,0,1,0,0,0,0,0,0,0,0,0
GCF_001884465.1,0,0,1,0,0,0,0,0,0,0,0,0
GCF_001884485.1,0,0,1,0,0,0,0,0,0,0,0,0
GCF_013282295.1,0,0,1,0,0,0,0,0,0,0,0,0
GCF_900093285.1,0,0,1,0,0,0,0,0,0,0,0,0
GCF_002104635.1,0,0,1,0,0,0,0,0,0,0,0,0
GCF_002235765.1,0,0,1,0,0,0,0,0,0,0,0,0
GCF_000807395.2,0,0,1,0,0,0,0,0,0,0,0,0
GCF_002182245.1,0,0,1,0,0,0,0,0,0,0,0,0
GCF_009826095.1,0,0,1,0,0,0,0,0,0,0,0,0
GCF_009825475.1,0,0,1,0,0,0,0,0,0,0,0,0
GCF_008867705.1,0,0,1,0,0,0,0,0,0,0,0,0
GCF_001061605.1,0,0,1,0,0,0,0,0,0,0,0,0
GCF_002738115.1,0,0,1,0,0,0,0,0,0,0,0,0
GCF_001701555.1,0,0,1,0,0,0,0,0,0,0,0,0
GCF_900181725.1,0,0,1,0,0,0,0,0,0,0,0,0
GCF_900181985.1,0,0,1,0,0,0,0,0,0,0,0,0
GCF_900180845.1,0,0,1,0,0,0,0,0,0,0,0,0
GCF_900474465.1,0,0,1,0,0,0,0,0,0,0,0,0
GCF_900494085.1,0,0,1,0,0,0,0,0,0,0,0,0
GCF_900493295.1,0,0,1,0,0,0,0,0,0,0,0,0
GCF_000699325.1,0,0,1,0,0,0,0,0,0,0,0,0
GCF_902161835.1,0,0,1,0,0,0,0,0,0,0,0,0
GCF_900775565.1,0,0,1,0,0,0,0,0,0,0,0,0
GCF_900774445.1,0,0,1,0,0,0,0,0,0,0,0,0
GCF_900774535.1,0,0,1,0,0,0,0,0,0,0,0,0
GCF_900775855.1,0,0,1,0,0,0,0,0,0,0,0,0
GCF_900776055.1,0,0,1,0,0,0,0,0,0,0,0,0
GCF_900776085.1,0,0,1,0,0,0,0,0,0,0,0,0
GCF_900776305.1,0,0,1,0,0,0,0,0,0,0,0,0
GCF_900776515.1,0,0,1,0,0,0,0,0,0,0,0,0
GCF_003325525.1,0,0,1,0,0,0,0,0,0,0,0,0
GCF_002269895.1,0,0,1,0,0,0,0,0,0,0,0,0
GCF_900465375.1,0,0,1,0,0,0,0,0,0,0,0,0
GCF_900465335.1,0,0,1,0,0,0,0,0,0,0,0,0
GCF_013395175.1,0,0,1,0,0,0,0,0,0,0,0,0
GCF_013170325.1,0,0,1,0,0,0,0,0,0,0,0,0
GCF_001456135.1,0,0,1,0,0,0,0,0,0,0,0,0
GCF_002751475.1,0,0,1,0,0,0,0,0,0,0,0,0
GCF_002751515.1,0,0,1,0,0,0,0,0,0,0,0,0
GCF_002853955.1,0,0,1,0,0,0,0,0,0,0,0,0
GCF_002851155.1,0,0,1,0,0,0,0,0,0,0,0,0
GCF_002851615.1,0,0,1,0,0,0,0,0,0,0,0,0
GCF_002854285.1,0,0,1,0,0,0,0,0,0,0,0,0
GCF_009661265.1,0,0,1,0,0,0,0,0,0,0,0,0
GCF_009661675.1,0,0,1,0,0,0,0,0,0,0,0,0
GCF_002184415.2,0,0,1,0,0,0,0,0,0,0,0,0
GCF_002185465.2,0,0,1,0,0,0,0,0,0,0,0,0
GCF_002185515.2,0,0,1,0,0,0,0,0,0,0,0,0
GCF_002970515.2,0,0,1,0,0,0,0,0,0,0,0,0
GCF_002970785.2,0,0,1,0,0,0,0,0,0,0,0,0
GCF_002970835.2,0,0,1,0,0,0,0,0,0,0,0,0
GCF_002936615.2,0,0,1,0,0,0,0,0,0,0,0,0
GCF_002936645.2,0,0,1,0,0,0,0,0,0,0,0,0
GCF_013180385.1,0,0,1,0,0,0,0,0,0,0,0,0
GCF_001704235.1,0,0,1,0,0,0,0,0,0,0,0,0
GCF_004120135.1,0,0,1,0,0,0,0,0,0,0,0,0
GCF_002187255.1,0,0,1,0,0,0,0,0,0,0,0,0
GCF_003183925.1,0,0,1,0,0,0,0,0,0,0,0,0
GCF_003183935.1,0,0,1,0,0,0,0,0,0,0,0,0
GCF_002761515.1,0,0,1,0,0,0,0,0,0,0,0,0
GCF_002174075.1,0,0,1,0,0,0,0,0,0,0,0,0
GCF_002167115.1,0,0,1,0,0,0,0,0,0,0,0,0
GCF_002167105.1,0,0,1,0,0,0,0,0,0,0,0,0
GCF_013187465.1,0,0,1,0,0,0,0,0,0,0,0,0
GCF_900498435.1,0,0,1,0,0,0,0,0,0,0,0,0
GCF_003660185.1,0,0,1,0,0,0,0,0,0,0,0,0
GCF_900085805.1,0,0,1,0,0,0,0,0,0,0,0,0
GCF_900086415.1,0,0,1,0,0,0,0,0,0,0,0,0
GCF_900086445.1,0,0,1,0,0,0,0,0,0,0,0,0
GCF_900084635.1,0,0,1,0,0,0,0,0,0,0,0,0
GCF_900086055.1,0,0,1,0,0,0,0,0,0,0,0,0
GCF_003006555.1,0,0,1,0,0,0,0,0,0,0,0,0
GCF_900084945.1,0,0,1,0,0,0,0,0,0,0,0,0
GCF_900085135.1,0,0,1,0,0,0,0,0,0,0,0,0
GCF_900407225.1,0,0,1,0,0,0,0,0,0,0,0,0
GCF_002166965.1,0,0,1,0,0,0,0,0,0,0,0,0
GCF_002120065.1,0,0,1,0,0,0,0,0,0,0,0,0
GCF_013056105.1,0,0,1,0,0,0,0,0,0,0,0,0
GCF_001678695.1,0,0,1,0,0,0,0,0,0,0,0,0
GCF_000512165.1,0,0,1,0,0,0,0,0,0,0,0,0
GCF_002631045.1,0,0,1,0,0,0,0,0,0,0,0,0
GCF_002744555.1,0,0,1,0,0,0,0,0,0,0,0,0
GCF_011029935.1,0,0,1,0,0,0,0,0,0,0,0,0
GCF_900608415.1,0,0,1,0,0,0,0,0,0,0,0,0
GCF_902703655.1,0,0,1,0,0,0,0,0,0,0,0,0
GCF_000784945.1,0,0,1,0,0,0,0,0,0,0,0,0
GCF_002248635.1,0,0,1,0,0,0,0,0,0,0,0,0
GCF_001182565.1,0,0,1,0,0,0,0,0,0,0,0,0
GCF_002261615.1,0,0,1,0,0,0,0,0,0,0,0,0
GCF_009387915.1,0,0,1,0,0,0,0,0,0,0,0,0
GCF_003095615.1,0,0,1,0,0,0,0,0,0,0,0,0
GCF_013305325.1,0,0,1,0,0,0,0,0,0,0,0,0
GCF_008082855.1,0,0,1,0,0,0,0,0,0,0,0,0
GCF_900451725.1,0,0,1,0,0,0,0,0,0,0,0,0
GCF_008632745.1,0,0,1,0,0,0,0,0,0,0,0,0
GCF_008630085.1,0,0,1,0,0,0,0,0,0,0,0,0
GCF_005239285.1,0,0,1,0,0,0,0,0,0,0,0,0
GCF_009710025.1,0,0,1,0,0,0,0,0,0,0,0,0
GCF_000822485.1,0,0,1,0,0,0,0,0,0,0,0,0
GCF_003037695.1,0,0,1,0,0,0,0,0,0,0,0,0
GCF_002852895.1,0,0,1,0,0,0,0,0,0,0,0,0
GCF_001701695.1,0,0,1,0,0,0,0,0,0,0,0,0
GCF_004311245.1,0,0,1,0,0,0,0,0,0,0,0,0
GCF_004311765.1,0,0,1,0,0,0,0,0,0,0,0,0
GCF_004311785.1,0,0,1,0,0,0,0,0,0,0,0,0
GCF_004311845.1,0,0,1,0,0,0,0,0,0,0,0,0
GCF_004312025.1,0,0,1,0,0,0,0,0,0,0,0,0
GCF_004312665.1,0,0,1,0,0,0,0,0,0,0,0,0
GCF_004312785.1,0,0,1,0,0,0,0,0,0,0,0,0
GCF_004313245.1,0,0,1,0,0,0,0,0,0,0,0,0
GCF_000566845.1,0,0,1,0,0,0,0,0,0,0,0,0
GCF_000492515.1,0,0,1,0,0,0,0,0,0,0,0,0
GCF_000827775.2,0,0,1,0,0,0,0,0,0,0,0,0
GCF_002257965.1,0,0,1,0,0,0,0,0,0,0,0,0
GCF_002258085.1,0,0,1,0,0,0,0,0,0,0,0,0
GCF_003195915.1,0,0,1,0,0,0,0,0,0,0,0,0
GCF_003195395.1,0,0,1,0,0,0,0,0,0,0,0,0
GCF_003195315.1,0,0,1,0,0,0,0,0,0,0,0,0
GCF_003196695.1,0,0,1,0,0,0,0,0,0,0,0,0
GCF_902508645.1,0,0,1,0,0,0,0,0,0,0,0,0
GCF_902509155.1,0,0,1,0,0,0,0,0,0,0,0,0
GCF_902509015.1,0,0,1,0,0,0,0,0,0,0,0,0
GCF_902509255.1,0,0,1,0,0,0,0,0,0,0,0,0
GCF_002910085.1,0,0,1,0,0,0,0,0,0,0,0,0
GCF_005048725.1,0,0,1,0,0,0,0,0,0,0,0,0
GCF_005048785.1,0,0,1,0,0,0,0,0,0,0,0,0
GCF_005048095.1,0,0,1,0,0,0,0,0,0,0,0,0
GCF_005047295.1,0,0,1,0,0,0,0,0,0,0,0,0
GCF_013407825.1,0,0,1,0,0,0,0,0,0,0,0,0
GCF_001874875.1,0,0,1,0,0,0,0,0,0,0,0,0
GCF_901670045.1,0,0,1,0,0,0,0,0,0,0,0,0
GCF_901421925.1,0,0,1,0,0,0,0,0,0,0,0,0
GCF_900451795.1,0,0,1,0,0,0,0,0,0,0,0,0
GCF_004137665.1,0,0,1,0,0,0,0,0,0,0,0,0
GCF_000967845.1,0,0,1,0,0,0,0,0,0,0,0,0
GCF_012113655.1,0,0,0,1,0,0,0,0,0,0,0,0
GCF_001463525.1,0,0,0,1,0,0,0,0,0,0,0,0
GCF_900493075.1,0,0,0,1,0,0,0,0,0,0,0,0
GCF_902166265.1,0,0,0,1,0,0,0,0,0,0,0,0
GCF_900774965.1,0,0,0,1,0,0,0,0,0,0,0,0
GCF_900774505.1,0,0,0,1,0,0,0,0,0,0,0,0
GCF_900776445.1,0,0,0,1,0,0,0,0,0,0,0,0
GCF_001066095.1,0,0,0,1,0,0,0,0,0,0,0,0
GCF_001721565.1,0,0,0,1,0,0,0,0,0,0,0,0
GCF_000567605.1,0,0,0,1,0,0,0,0,0,0,0,0
GCF_001720345.1,0,0,0,1,0,0,0,0,0,0,0,0
GCF_002854035.1,0,0,0,1,0,0,0,0,0,0,0,0
GCF_002851495.1,0,0,0,1,0,0,0,0,0,0,0,0
GCF_002936255.2,0,0,0,1,0,0,0,0,0,0,0,0
GCF_000783515.2,0,0,0,1,0,0,0,0,0,0,0,0
GCF_002188105.1,0,0,0,1,0,0,0,0,0,0,0,0
GCF_900085875.1,0,0,0,1,0,0,0,0,0,0,0,0
GCF_011006575.1,0,0,0,1,0,0,0,0,0,0,0,0
GCF_900084745.1,0,0,0,1,0,0,0,0,0,0,0,0
GCF_002251875.2,0,0,0,1,0,0,0,0,0,0,0,0
GCF_902705025.1,0,0,0,1,0,0,0,0,0,0,0,0
GCF_001950655.1,0,0,0,1,0,0,0,0,0,0,0,0
GCF_900461405.1,0,0,0,1,0,0,0,0,0,0,0,0
GCF_900451965.1,0,0,0,1,0,0,0,0,0,0,0,0
GCF_003196815.1,0,0,0,1,0,0,0,0,0,0,0,0
GCF_003571035.1,0,0,0,1,0,0,0,0,0,0,0,0
GCF_003573795.1,0,0,0,1,0,0,0,0,0,0,0,0
GCF_003010735.1,0,0,0,1,0,0,0,0,0,0,0,0
GCF_003571645.1,0,0,0,1,0,0,0,0,0,0,0,0
GCF_009184455.1,0,0,0,0,1,0,0,0,0,0,0,0
GCF_003173515.1,0,0,0,0,1,0,0,0,0,0,0,0
GCF_003583115.1,0,0,0,0,1,0,0,0,0,0,0,0
GCF_003664955.1,0,0,0,0,1,0,0,0,0,0,0,0
GCF_900172065.1,0,0,0,0,1,0,0,0,0,0,0,0
GCF_900172115.1,0,0,0,0,1,0,0,0,0,0,0,0
GCF_900172965.1,0,0,0,0,1,0,0,0,0,0,0,0
GCF_900172985.1,0,0,0,0,1,0,0,0,0,0,0,0
GCF_900171845.1,0,0,0,0,1,0,0,0,0,0,0,0
GCF_900171705.1,0,0,0,0,1,0,0,0,0,0,0,0
GCF_011684055.1,0,0,0,0,1,0,0,0,0,0,0,0
GCF_002181635.1,0,0,0,0,1,0,0,0,0,0,0,0
GCF_009826295.1,0,0,0,0,1,0,0,0,0,0,0,0
GCF_009825885.1,0,0,0,0,1,0,0,0,0,0,0,0
GCF_001060105.1,0,0,0,0,1,0,0,0,0,0,0,0
GCF_900493755.1,0,0,0,0,1,0,0,0,0,0,0,0
GCF_900494725.1,0,0,0,0,1,0,0,0,0,0,0,0
GCF_900494545.1,0,0,0,0,1,0,0,0,0,0,0,0
GCF_900494165.1,0,0,0,0,1,0,0,0,0,0,0,0
GCF_900493345.1,0,0,0,0,1,0,0,0,0,0,0,0
GCF_900496885.1,0,0,0,0,1,0,0,0,0,0,0,0
GCF_902159615.1,0,0,0,0,1,0,0,0,0,0,0,0
GCF_902159635.1,0,0,0,0,1,0,0,0,0,0,0,0
GCF_902161325.1,0,0,0,0,1,0,0,0,0,0,0,0
GCF_902164535.1,0,0,0,0,1,0,0,0,0,0,0,0
GCF_900774655.1,0,0,0,0,1,0,0,0,0,0,0,0
GCF_900775085.1,0,0,0,0,1,0,0,0,0,0,0,0
GCF_900775295.1,0,0,0,0,1,0,0,0,0,0,0,0
GCF_900775425.1,0,0,0,0,1,0,0,0,0,0,0,0
GCF_900775385.1,0,0,0,0,1,0,0,0,0,0,0,0
GCF_900775345.1,0,0,0,0,1,0,0,0,0,0,0,0
GCF_900775495.1,0,0,0,0,1,0,0,0,0,0,0,0
GCF_900774475.1,0,0,0,0,1,0,0,0,0,0,0,0
GCF_900775815.1,0,0,0,0,1,0,0,0,0,0,0,0
GCF_900775925.1,0,0,0,0,1,0,0,0,0,0,0,0
GCF_900775995.1,0,0,0,0,1,0,0,0,0,0,0,0
GCF_900776195.1,0,0,0,0,1,0,0,0,0,0,0,0
GCF_001068035.1,0,0,0,0,1,0,0,0,0,0,0,0
GCF_002188255.1,0,0,0,0,1,0,0,0,0,0,0,0
GCF_010602565.1,0,0,0,0,1,0,0,0,0,0,0,0
GCF_002775575.1,0,0,0,0,1,0,0,0,0,0,0,0
GCF_002187615.1,0,0,0,0,1,0,0,0,0,0,0,0
GCF_000492335.1,0,0,0,0,1,0,0,0,0,0,0,0
GCF_000567145.1,0,0,0,0,1,0,0,0,0,0,0,0
GCF_000567065.1,0,0,0,0,1,0,0,0,0,0,0,0
GCF_013392195.1,0,0,0,0,1,0,0,0,0,0,0,0
GCF_010183705.1,0,0,0,0,1,0,0,0,0,0,0,0
GCF_001902535.1,0,0,0,0,1,0,0,0,0,0,0,0
GCF_000805735.1,0,0,0,0,1,0,0,0,0,0,0,0
GCF_001032775.1,0,0,0,0,1,0,0,0,0,0,0,0
GCF_002854855.1,0,0,0,0,1,0,0,0,0,0,0,0
GCF_002853895.1,0,0,0,0,1,0,0,0,0,0,0,0
GCF_002851135.1,0,0,0,0,1,0,0,0,0,0,0,0
GCF_003400915.1,0,0,0,0,1,0,0,0,0,0,0,0
GCF_002185975.2,0,0,0,0,1,0,0,0,0,0,0,0
GCF_002936875.2,0,0,0,0,1,0,0,0,0,0,0,0
GCF_002935555.2,0,0,0,0,1,0,0,0,0,0,0,0
GCF_002935705.2,0,0,0,0,1,0,0,0,0,0,0,0
GCF_003316235.1,0,0,0,0,1,0,0,0,0,0,0,0
GCF_013280475.1,0,0,0,0,1,0,0,0,0,0,0,0
GCF_008756915.1,0,0,0,0,1,0,0,0,0,0,0,0
GCF_900498575.1,0,0,0,0,1,0,0,0,0,0,0,0
GCF_900498635.1,0,0,0,0,1,0,0,0,0,0,0,0
GCF_900498665.1,0,0,0,0,1,0,0,0,0,0,0,0
GCF_900498875.1,0,0,0,0,1,0,0,0,0,0,0,0
GCF_900498905.1,0,0,0,0,1,0,0,0,0,0,0,0
GCF_900085345.1,0,0,0,0,1,0,0,0,0,0,0,0
GCF_900085355.1,0,0,0,0,1,0,0,0,0,0,0,0
GCF_900086255.1,0,0,0,0,1,0,0,0,0,0,0,0
GCF_900085315.1,0,0,0,0,1,0,0,0,0,0,0,0
GCF_900085465.1,0,0,0,0,1,0,0,0,0,0,0,0
GCF_900085655.1,0,0,0,0,1,0,0,0,0,0,0,0
GCF_900085735.1,0,0,0,0,1,0,0,0,0,0,0,0
GCF_001483725.1,0,0,0,0,1,0,0,0,0,0,0,0
GCF_900084865.1,0,0,0,0,1,0,0,0,0,0,0,0
GCF_003693325.1,0,0,0,0,1,0,0,0,0,0,0,0
GCF_001938035.1,0,0,0,0,1,0,0,0,0,0,0,0
GCF_003225815.1,0,0,0,0,1,0,0,0,0,0,0,0
GCF_003429065.3,0,0,0,0,1,0,0,0,0,0,0,0
GCF_006152055.2,0,0,0,0,1,0,0,0,0,0,0,0
GCF_003225855.1,0,0,0,0,1,0,0,0,0,0,0,0
GCF_002246835.1,0,0,0,0,1,0,0,0,0,0,0,0
GCF_002248135.1,0,0,0,0,1,0,0,0,0,0,0,0
GCF_002247885.1,0,0,0,0,1,0,0,0,0,0,0,0
GCF_011029745.1,0,0,0,0,1,0,0,0,0,0,0,0
GCF_902704295.1,0,0,0,0,1,0,0,0,0,0,0,0
GCF_002753375.1,0,0,0,0,1,0,0,0,0,0,0,0
GCF_000492755.1,0,0,0,0,1,0,0,0,0,0,0,0
GCF_002186935.1,0,0,0,0,1,0,0,0,0,0,0,0
GCF_003408615.1,0,0,0,0,1,0,0,0,0,0,0,0
GCF_006131015.1,0,0,0,0,1,0,0,0,0,0,0,0
GCF_007197815.1,0,0,0,0,1,0,0,0,0,0,0,0
GCF_002187745.1,0,0,0,0,1,0,0,0,0,0,0,0
GCF_003592205.1,0,0,0,0,1,0,0,0,0,0,0,0
GCF_000822665.1,0,0,0,0,1,0,0,0,0,0,0,0
GCF_004832105.1,0,0,0,0,1,0,0,0,0,0,0,0
GCF_004833395.1,0,0,0,0,1,0,0,0,0,0,0,0
GCF_004833685.1,0,0,0,0,1,0,0,0,0,0,0,0
GCF_001701625.1,0,0,0,0,1,0,0,0,0,0,0,0
GCF_004311105.1,0,0,0,0,1,0,0,0,0,0,0,0
GCF_004311205.1,0,0,0,0,1,0,0,0,0,0,0,0
GCF_004311705.1,0,0,0,0,1,0,0,0,0,0,0,0
GCF_004312125.1,0,0,0,0,1,0,0,0,0,0,0,0
GCF_004312185.1,0,0,0,0,1,0,0,0,0,0,0,0
GCF_004312245.1,0,0,0,0,1,0,0,0,0,0,0,0
GCF_004312905.1,0,0,0,0,1,0,0,0,0,0,0,0
GCF_004313145.1,0,0,0,0,1,0,0,0,0,0,0,0
GCF_004313505.1,0,0,0,0,1,0,0,0,0,0,0,0
GCF_000566905.1,0,0,0,0,1,0,0,0,0,0,0,0
GCF_000566885.1,0,0,0,0,1,0,0,0,0,0,0,0
GCF_001034305.1,0,0,0,0,1,0,0,0,0,0,0,0
GCF_900173495.1,0,0,0,0,1,0,0,0,0,0,0,0
GCF_900173795.1,0,0,0,0,1,0,0,0,0,0,0,0
GCF_900173985.1,0,0,0,0,1,0,0,0,0,0,0,0
GCF_003261795.1,0,0,0,0,1,0,0,0,0,0,0,0
GCF_002852615.1,0,0,0,0,1,0,0,0,0,0,0,0
GCF_002258155.1,0,0,0,0,1,0,0,0,0,0,0,0
GCF_003195735.1,0,0,0,0,1,0,0,0,0,0,0,0
GCF_003195695.1,0,0,0,0,1,0,0,0,0,0,0,0
GCF_003253855.1,0,0,0,0,1,0,0,0,0,0,0,0
GCF_902508345.1,0,0,0,0,1,0,0,0,0,0,0,0
GCF_007955295.1,0,0,0,0,1,0,0,0,0,0,0,0
GCF_004138665.1,0,0,0,0,1,0,0,0,0,0,0,0
GCF_004208475.1,0,0,0,0,1,0,0,0,0,0,0,0
GCF_010374875.1,0,0,0,0,1,0,0,0,0,0,0,0
GCF_900451405.1,0,0,0,0,1,0,0,0,0,0,0,0
GCF_900451545.1,0,0,0,0,1,0,0,0,0,0,0,0
GCF_900093445.1,0,0,0,0,0,1,0,0,0,0,0,0
GCF_013389225.1,0,0,0,0,0,1,0,0,0,0,0,0
GCF_900172625.1,0,0,0,0,0,1,0,0,0,0,0,0
GCF_900093155.1,0,0,0,0,0,1,0,0,0,0,0,0
GCF_002411675.1,0,0,0,0,0,1,0,0,0,0,0,0
GCF_004801235.1,0,0,0,0,0,1,0,0,0,0,0,0
GCF_002180725.1,0,0,0,0,0,1,0,0,0,0,0,0
GCF_900182225.1,0,0,0,0,0,1,0,0,0,0,0,0
GCF_900493255.1,0,0,0,0,0,1,0,0,0,0,0,0
GCF_900493155.1,0,0,0,0,0,1,0,0,0,0,0,0
GCF_900774995.1,0,0,0,0,0,1,0,0,0,0,0,0
GCF_900775515.1,0,0,0,0,0,1,0,0,0,0,0,0
GCF_900774205.1,0,0,0,0,0,1,0,0,0,0,0,0
GCF_900774095.1,0,0,0,0,0,1,0,0,0,0,0,0
GCF_900774565.1,0,0,0,0,0,1,0,0,0,0,0,0
GCF_900776255.1,0,0,0,0,0,1,0,0,0,0,0,0
GCF_900776435.1,0,0,0,0,0,1,0,0,0,0,0,0
GCF_001034085.1,0,0,0,0,0,1,0,0,0,0,0,0
GCF_013170445.1,0,0,0,0,0,1,0,0,0,0,0,0
GCF_001908515.1,0,0,0,0,0,1,0,0,0,0,0,0
GCF_001952875.1,0,0,0,0,0,1,0,0,0,0,0,0
GCF_002851575.1,0,0,0,0,0,1,0,0,0,0,0,0
GCF_004212555.1,0,0,0,0,0,1,0,0,0,0,0,0
GCF_007655035.1,0,0,0,0,0,1,0,0,0,0,0,0
GCF_002636095.1,0,0,0,0,0,1,0,0,0,0,0,0
GCF_002187185.1,0,0,0,0,0,1,0,0,0,0,0,0
GCF_003590665.1,0,0,0,0,0,1,0,0,0,0,0,0
GCF_900085335.1,0,0,0,0,0,1,0,0,0,0,0,0
GCF_900084575.1,0,0,0,0,0,1,0,0,0,0,0,0
GCF_900407015.1,0,0,0,0,0,1,0,0,0,0,0,0
GCF_009928575.1,0,0,0,0,0,1,0,0,0,0,0,0
GCF_008704045.1,0,0,0,0,0,1,0,0,0,0,0,0
GCF_001665995.1,0,0,0,0,0,1,0,0,0,0,0,0
GCF_002248425.1,0,0,0,0,0,1,0,0,0,0,0,0
GCF_000567745.1,0,0,0,0,0,1,0,0,0,0,0,0
GCF_002153165.1,0,0,0,0,0,1,0,0,0,0,0,0
GCF_001185665.1,0,0,0,0,0,1,0,0,0,0,0,0
GCF_003965875.1,0,0,0,0,0,1,0,0,0,0,0,0
GCF_002417015.1,0,0,0,0,0,1,0,0,0,0,0,0
GCF_009746265.1,0,0,0,0,0,1,0,0,0,0,0,0
GCF_004312265.1,0,0,0,0,0,1,0,0,0,0,0,0
GCF_004312965.1,0,0,0,0,0,1,0,0,0,0,0,0
GCF_000694935.1,0,0,0,0,0,1,0,0,0,0,0,0
GCF_003195215.1,0,0,0,0,0,1,0,0,0,0,0,0
GCF_003197035.1,0,0,0,0,0,1,0,0,0,0,0,0
GCF_003195755.1,0,0,0,0,0,1,0,0,0,0,0,0
GCF_901420865.1,0,0,0,0,0,1,0,0,0,0,0,0
GCF_009822395.1,0,0,0,0,0,1,0,0,0,0,0,0
GCF_000521985.1,0,0,0,0,0,1,0,0,0,0,0,0
GCF_003171755.1,0,0,0,0,0,0,1,0,0,0,0,0
GCF_900172095.1,0,0,0,0,0,0,1,0,0,0,0,0
GCF_002811525.1,0,0,0,0,0,0,1,0,0,0,0,0
GCF_002181225.1,0,0,0,0,0,0,1,0,0,0,0,0
GCF_001463215.1,0,0,0,0,0,0,1,0,0,0,0,0
GCF_001463295.1,0,0,0,0,0,0,1,0,0,0,0,0
GCF_900181555.1,0,0,0,0,0,0,1,0,0,0,0,0
GCF_900180625.1,0,0,0,0,0,0,1,0,0,0,0,0
GCF_900493945.1,0,0,0,0,0,0,1,0,0,0,0,0
GCF_900493115.1,0,0,0,0,0,0,1,0,0,0,0,0
GCF_900775285.1,0,0,0,0,0,0,1,0,0,0,0,0
GCF_900775315.1,0,0,0,0,0,0,1,0,0,0,0,0
GCF_900774735.1,0,0,0,0,0,0,1,0,0,0,0,0
GCF_900775785.1,0,0,0,0,0,0,1,0,0,0,0,0
GCF_900776145.1,0,0,0,0,0,0,1,0,0,0,0,0
GCF_001034135.1,0,0,0,0,0,0,1,0,0,0,0,0
GCF_002853935.1,0,0,0,0,0,0,1,0,0,0,0,0
GCF_009661105.1,0,0,0,0,0,0,1,0,0,0,0,0
GCF_008693425.1,0,0,0,0,0,0,1,0,0,0,0,0
GCF_900498625.1,0,0,0,0,0,0,1,0,0,0,0,0
GCF_900498675.1,0,0,0,0,0,0,1,0,0,0,0,0
GCF_900084225.1,0,0,0,0,0,0,1,0,0,0,0,0
GCF_900086275.1,0,0,0,0,0,0,1,0,0,0,0,0
GCF_900084305.1,0,0,0,0,0,0,1,0,0,0,0,0
GCF_002152435.1,0,0,0,0,0,0,1,0,0,0,0,0
GCF_900093125.1,0,0,0,0,0,0,1,0,0,0,0,0
GCF_000822225.1,0,0,0,0,0,0,1,0,0,0,0,0
GCF_002853395.1,0,0,0,0,0,0,1,0,0,0,0,0
GCF_004313645.1,0,0,0,0,0,0,1,0,0,0,0,0
GCF_002853095.1,0,0,0,0,0,0,1,0,0,0,0,0
GCF_003195795.1,0,0,0,0,0,0,1,0,0,0,0,0
GCF_009822365.1,0,0,0,0,0,0,1,0,0,0,0,0
GCF_009822565.1,0,0,0,0,0,0,1,0,0,0,0,0
GCF_009822505.1,0,0,0,0,0,0,1,0,0,0,0,0
GCF_002856455.1,0,0,0,0,0,0,0,1,0,0,0,0
GCF_001460975.1,0,0,0,0,0,0,0,1,0,0,0,0
GCF_900093335.1,0,0,0,0,0,0,0,1,0,0,0,0
GCF_003186535.1,0,0,0,0,0,0,0,1,0,0,0,0
GCF_005504265.1,0,0,0,0,0,0,0,1,0,0,0,0
GCF_001060275.1,0,0,0,0,0,0,0,1,0,0,0,0
GCF_900180675.1,0,0,0,0,0,0,0,1,0,0,0,0
GCF_900774855.1,0,0,0,0,0,0,0,1,0,0,0,0
GCF_900775555.1,0,0,0,0,0,0,0,1,0,0,0,0
GCF_900775895.1,0,0,0,0,0,0,0,1,0,0,0,0
GCF_002845345.1,0,0,0,0,0,0,0,1,0,0,0,0
GCF_002866665.1,0,0,0,0,0,0,0,1,0,0,0,0
GCF_004212455.1,0,0,0,0,0,0,0,1,0,0,0,0
GCF_004120075.1,0,0,0,0,0,0,0,1,0,0,0,0
GCF_002845095.1,0,0,0,0,0,0,0,1,0,0,0,0
GCF_002264905.1,0,0,0,0,0,0,0,1,0,0,0,0
GCF_900407025.1,0,0,0,0,0,0,0,1,0,0,0,0
GCF_002248815.1,0,0,0,0,0,0,0,1,0,0,0,0
GCF_001457335.1,0,0,0,0,0,0,0,1,0,0,0,0
GCF_001460475.1,0,0,0,0,0,0,0,1,0,0,0,0
GCF_006130695.1,0,0,0,0,0,0,0,1,0,0,0,0
GCF_006131045.1,0,0,0,0,0,0,0,1,0,0,0,0
GCF_900093035.1,0,0,0,0,0,0,0,1,0,0,0,0
GCF_009710195.1,0,0,0,0,0,0,0,1,0,0,0,0
GCF_902509145.1,0,0,0,0,0,0,0,1,0,0,0,0
GCF_902507425.1,0,0,0,0,0,0,0,1,0,0,0,0
GCF_902507495.1,0,0,0,0,0,0,0,1,0,0,0,0
GCF_902507755.1,0,0,0,0,0,0,0,1,0,0,0,0
GCF_003195325.1,0,0,0,0,0,0,0,1,0,0,0,0
GCF_011077815.1,0,0,0,0,0,0,0,1,0,0,0,0
GCF_009821955.1,0,0,0,0,0,0,0,0,1,0,0,0
GCF_002184985.2,0,0,0,0,0,0,0,0,0,1,0,0
GCF_003318315.1,0,0,0,0,0,0,0,0,0,1,0,0
GCF_001663455.1,0,0,0,0,0,0,0,0,0,1,0,0
GCF_002854115.1,0,0,0,0,0,0,0,0,0,0,1,0
GCF_002854655.1,0,0,0,0,0,0,0,0,0,0,1,0
GCF_900501705.1,0,0,0,0,0,0,0,0,0,0,0,1
GCF_900510445.1,0,1,0,0,0,0,0,0,0,0,0,0
GCF_900506485.1,1,0,0,0,0,0,0,0,0,0,0,0
GCF_900507185.1,1,0,0,0,0,0,0,0,0,0,0,0
GCF_900506655.1,1,0,0,0,0,0,0,0,0,0,0,0
GCF_900507525.1,1,0,0,0,0,0,0,0,0,0,0,0
GCF_900516735.1,1,0,0,0,0,0,0,0,0,0,0,0
GCF_900511085.1,1,0,0,0,0,0,0,0,0,0,0,0
GCF_900511875.1,1,0,0,0,0,0,0,0,0,0,0,0
GCF_900512115.1,1,0,0,0,0,0,0,0,0,0,0,0
GCF_900512425.1,1,0,0,0,0,0,0,0,0,0,0,0
GCF_900512695.1,1,0,0,0,0,0,0,0,0,0,0,0
GCF_900512735.1,1,0,0,0,0,0,0,0,0,0,0,0
GCF_900516365.1,1,0,0,0,0,0,0,0,0,0,0,0
GCF_900516525.1,1,0,0,0,0,0,0,0,0,0,0,0
GCF_900517175.1,1,0,0,0,0,0,0,0,0,0,0,0
GCF_900517245.1,1,0,0,0,0,0,0,0,0,0,0,0
GCF_900517505.1,1,0,0,0,0,0,0,0,0,0,0,0
GCF_900517545.1,1,0,0,0,0,0,0,0,0,0,0,0
GCF_900501405.1,1,0,0,0,0,0,0,0,0,0,0,0
GCF_900501425.1,1,0,0,0,0,0,0,0,0,0,0,0
GCF_900502245.1,1,0,0,0,0,0,0,0,0,0,0,0
GCF_902156795.1,1,0,0,0,0,0,0,0,0,0,0,0
GCF_900506205.1,1,0,0,0,0,0,0,0,0,0,0,0
GCF_900503365.1,1,0,0,0,0,0,0,0,0,0,0,0
GCF_900505015.1,1,0,0,0,0,0,0,0,0,0,0,0
GCF_900516975.1,1,0,0,0,0,0,0,0,0,0,0,0
GCF_900517035.1,1,0,0,0,0,0,0,0,0,0,0,0
GCF_900506295.1,1,0,0,0,0,0,0,0,0,0,0,0
GCF_900506325.1,1,0,0,0,0,0,0,0,0,0,0,0
GCF_900512145.1,1,0,0,0,0,0,0,0,0,0,0,0
GCF_900512265.1,1,0,0,0,0,0,0,0,0,0,0,0
GCF_900512955.1,1,0,0,0,0,0,0,0,0,0,0,0
GCF_900513175.1,1,0,0,0,0,0,0,0,0,0,0,0
GCF_900513655.1,1,0,0,0,0,0,0,0,0,0,0,0
GCF_900513145.1,1,0,0,0,0,0,0,0,0,0,0,0
GCF_900514375.1,1,0,0,0,0,0,0,0,0,0,0,0
GCF_900514595.1,1,0,0,0,0,0,0,0,0,0,0,0
GCF_900515865.1,1,0,0,0,0,0,0,0,0,0,0,0
GCF_900516105.1,1,0,0,0,0,0,0,0,0,0,0,0
GCF_900516245.1,1,0,0,0,0,0,0,0,0,0,0,0
GCF_900516215.1,1,0,0,0,0,0,0,0,0,0,0,0
GCF_900512825.1,1,0,0,0,0,0,0,0,0,0,0,0
GCF_900502655.1,1,0,0,0,0,0,0,0,0,0,0,0
GCF_900502805.1,1,0,0,0,0,0,0,0,0,0,0,0
GCF_900502185.1,1,0,0,0,0,0,0,0,0,0,0,0
GCF_900504335.1,1,0,0,0,0,0,0,0,0,0,0,0
GCF_900503325.1,1,0,0,0,0,0,0,0,0,0,0,0
GCF_900505445.1,1,0,0,0,0,0,0,0,0,0,0,0
GCF_900505495.1,1,0,0,0,0,0,0,0,0,0,0,0
GCF_900503005.1,1,0,0,0,0,0,0,0,0,0,0,0
GCF_900503105.1,1,0,0,0,0,0,0,0,0,0,0,0
GCF_900503385.1,1,0,0,0,0,0,0,0,0,0,0,0
GCF_900508005.1,1,0,0,0,0,0,0,0,0,0,0,0
GCF_900508035.1,1,0,0,0,0,0,0,0,0,0,0,0
GCF_900507555.1,1,0,0,0,0,0,0,0,0,0,0,0
GCF_900508135.1,1,0,0,0,0,0,0,0,0,0,0,0
GCF_900508795.1,1,0,0,0,0,0,0,0,0,0,0,0
GCF_900509025.1,1,0,0,0,0,0,0,0,0,0,0,0
GCF_900508165.1,1,0,0,0,0,0,0,0,0,0,0,0
GCF_900508285.1,1,0,0,0,0,0,0,0,0,0,0,0
GCF_900503985.1,1,0,0,0,0,0,0,0,0,0,0,0
GCF_900503145.1,1,0,0,0,0,0,0,0,0,0,0,0
GCF_900503225.1,1,0,0,0,0,0,0,0,0,0,0,0
GCF_900506335.1,1,0,0,0,0,0,0,0,0,0,0,0
GCF_900506685.1,1,0,0,0,0,0,0,0,0,0,0,0
GCF_900511325.1,1,0,0,0,0,0,0,0,0,0,0,0
GCF_902156035.1,1,0,0,0,0,0,0,0,0,0,0,0
GCF_900502595.1,1,0,0,0,0,0,0,0,0,0,0,0
GCF_900516355.1,1,0,0,0,0,0,0,0,0,0,0,0
GCF_900501015.1,1,0,0,0,0,0,0,0,0,0,0,0
GCF_900501025.1,1,0,0,0,0,0,0,0,0,0,0,0
GCF_900511265.1,1,0,0,0,0,0,0,0,0,0,0,0
GCF_900501505.1,1,0,0,0,0,0,0,0,0,0,0,0
GCF_900504925.1,1,0,0,0,0,0,0,0,0,0,0,0
GCF_900513745.1,1,0,0,0,0,0,0,0,0,0,0,0
GCF_900508515.1,1,0,0,0,0,0,0,0,0,0,0,0
GCF_900513075.1,1,0,0,0,0,0,0,0,0,0,0,0
GCF_900513275.1,1,0,0,0,0,0,0,0,0,0,0,0
GCF_900514985.1,1,0,0,0,0,0,0,0,0,0,0,0
GCF_900514705.1,1,0,0,0,0,0,0,0,0,0,0,0
GCF_900504425.1,1,0,0,0,0,0,0,0,0,0,0,0
GCF_900504475.1,1,0,0,0,0,0,0,0,0,0,0,0
GCF_900510725.1,1,0,0,0,0,0,0,0,0,0,0,0
GCF_900507715.1,1,0,0,0,0,0,0,0,0,0,0,0
GCF_900507735.1,1,0,0,0,0,0,0,0,0,0,0,0
GCF_900507475.1,1,0,0,0,0,0,0,0,0,0,0,0
GCF_900508635.1,1,0,0,0,0,0,0,0,0,0,0,0
GCF_900508735.1,1,0,0,0,0,0,0,0,0,0,0,0
GCF_900508715.1,1,0,0,0,0,0,0,0,0,0,0,0
GCF_900508745.1,1,0,0,0,0,0,0,0,0,0,0,0
GCF_900509115.1,1,0,0,0,0,0,0,0,0,0,0,0
GCF_900508255.1,1,0,0,0,0,0,0,0,0,0,0,0
GCF_900503065.1,1,0,0,0,0,0,0,0,0,0,0,0
GCF_900503205.1,1,0,0,0,0,0,0,0,0,0,0,0
GCF_900511335.1,0,0,1,0,0,0,0,0,0,0,0,0
GCF_900506625.1,0,0,1,0,0,0,0,0,0,0,0,0
GCF_900517355.1,0,0,1,0,0,0,0,0,0,0,0,0
GCF_900510395.1,0,0,1,0,0,0,0,0,0,0,0,0
GCF_900502405.1,0,0,1,0,0,0,0,0,0,0,0,0
GCF_900512985.1,0,0,1,0,0,0,0,0,0,0,0,0
GCF_900515105.1,0,0,1,0,0,0,0,0,0,0,0,0
GCF_900511455.1,0,0,1,0,0,0,0,0,0,0,0,0
GCF_900502625.1,0,0,1,0,0,0,0,0,0,0,0,0
GCF_900504245.1,0,0,1,0,0,0,0,0,0,0,0,0
GCF_900510665.1,0,0,1,0,0,0,0,0,0,0,0,0
GCF_900507845.1,0,0,1,0,0,0,0,0,0,0,0,0
GCF_900507905.1,0,0,1,0,0,0,0,0,0,0,0,0
GCF_900507965.1,0,0,1,0,0,0,0,0,0,0,0,0
GCF_900507985.1,0,0,1,0,0,0,0,0,0,0,0,0
GCF_900508845.1,0,0,1,0,0,0,0,0,0,0,0,0
GCF_900504745.1,0,0,1,0,0,0,0,0,0,0,0,0
GCF_900512705.1,0,0,1,0,0,0,0,0,0,0,0,0
GCF_900501135.1,0,0,1,0,0,0,0,0,0,0,0,0
GCF_900517285.1,0,0,1,0,0,0,0,0,0,0,0,0
GCF_900517595.1,0,0,1,0,0,0,0,0,0,0,0,0
GCF_900517605.1,0,0,1,0,0,0,0,0,0,0,0,0
GCF_900517765.1,0,0,1,0,0,0,0,0,0,0,0,0
GCF_900510425.1,0,0,1,0,0,0,0,0,0,0,0,0
GCF_900511615.1,0,0,1,0,0,0,0,0,0,0,0,0
GCF_900511695.1,0,0,1,0,0,0,0,0,0,0,0,0
GCF_902156155.1,0,0,1,0,0,0,0,0,0,0,0,0
GCF_900501385.1,0,0,1,0,0,0,0,0,0,0,0,0
GCF_900502275.1,0,0,1,0,0,0,0,0,0,0,0,0
GCF_900505965.1,0,0,1,0,0,0,0,0,0,0,0,0
GCF_900516955.1,0,0,1,0,0,0,0,0,0,0,0,0
GCF_900513555.1,0,0,1,0,0,0,0,0,0,0,0,0
GCF_900512865.1,0,0,1,0,0,0,0,0,0,0,0,0
GCF_900512875.1,0,0,1,0,0,0,0,0,0,0,0,0
GCF_900512945.1,0,0,1,0,0,0,0,0,0,0,0,0
GCF_900513115.1,0,0,1,0,0,0,0,0,0,0,0,0
GCF_900508545.1,0,0,1,0,0,0,0,0,0,0,0,0
GCF_900515245.1,0,0,1,0,0,0,0,0,0,0,0,0
GCF_900514665.1,0,0,1,0,0,0,0,0,0,0,0,0
GCF_900515995.1,0,0,1,0,0,0,0,0,0,0,0,0
GCF_900516125.1,0,0,1,0,0,0,0,0,0,0,0,0
GCF_900502115.1,0,0,1,0,0,0,0,0,0,0,0,0
GCF_900503965.1,0,0,1,0,0,0,0,0,0,0,0,0
GCF_900507685.1,0,0,1,0,0,0,0,0,0,0,0,0
GCF_900507705.1,0,0,1,0,0,0,0,0,0,0,0,0
GCF_900507775.1,0,0,1,0,0,0,0,0,0,0,0,0
GCF_900507505.1,0,0,1,0,0,0,0,0,0,0,0,0
GCF_900508985.1,0,0,1,0,0,0,0,0,0,0,0,0
GCF_900504715.1,0,0,1,0,0,0,0,0,0,0,0,0
GCF_900503925.1,0,0,1,0,0,0,0,0,0,0,0,0
GCF_900512475.1,0,0,0,1,0,0,0,0,0,0,0,0
GCF_900517495.1,0,0,0,1,0,0,0,0,0,0,0,0
GCF_900500865.1,0,0,0,1,0,0,0,0,0,0,0,0
GCF_900510115.1,0,0,0,1,0,0,0,0,0,0,0,0
GCF_900511165.1,0,0,0,0,1,0,0,0,0,0,0,0
GCF_900510465.1,0,0,0,0,1,0,0,0,0,0,0,0
GCF_900509905.1,0,0,0,0,1,0,0,0,0,0,0,0
GCF_900512405.1,0,0,0,0,1,0,0,0,0,0,0,0
GCF_900512575.1,0,0,0,0,1,0,0,0,0,0,0,0
GCF_900502615.1,0,0,0,0,1,0,0,0,0,0,0,0
GCF_900501055.1,0,0,0,0,1,0,0,0,0,0,0,0
GCF_900517435.1,0,0,0,0,1,0,0,0,0,0,0,0
GCF_900517575.1,0,0,0,0,1,0,0,0,0,0,0,0
GCF_900517755.1,0,0,0,0,1,0,0,0,0,0,0,0
GCF_900500755.1,0,0,0,0,1,0,0,0,0,0,0,0
GCF_900501905.1,0,0,0,0,1,0,0,0,0,0,0,0
GCF_900502375.1,0,0,0,0,1,0,0,0,0,0,0,0
GCF_900505865.1,0,0,0,0,1,0,0,0,0,0,0,0
GCF_900506195.1,0,0,0,0,1,0,0,0,0,0,0,0
GCF_900517105.1,0,0,0,0,1,0,0,0,0,0,0,0
GCF_900512095.1,0,0,0,0,1,0,0,0,0,0,0,0
GCF_900512135.1,0,0,0,0,1,0,0,0,0,0,0,0
GCF_900512205.1,0,0,0,0,1,0,0,0,0,0,0,0
GCF_900512225.1,0,0,0,0,1,0,0,0,0,0,0,0
GCF_900513415.1,0,0,0,0,1,0,0,0,0,0,0,0
GCF_900514105.1,0,0,0,0,1,0,0,0,0,0,0,0
GCF_900514155.1,0,0,0,0,1,0,0,0,0,0,0,0
GCF_900513125.1,0,0,0,0,1,0,0,0,0,0,0,0
GCF_900514415.1,0,0,0,0,1,0,0,0,0,0,0,0
GCF_900514425.1,0,0,0,0,1,0,0,0,0,0,0,0
GCF_900516165.1,0,0,0,0,1,0,0,0,0,0,0,0
GCF_900515705.1,0,0,0,0,1,0,0,0,0,0,0,0
GCF_900516075.1,0,0,0,0,1,0,0,0,0,0,0,0
GCF_900508465.1,0,0,0,0,1,0,0,0,0,0,0,0
GCF_900503585.1,0,0,0,0,1,0,0,0,0,0,0,0
GCF_900503715.1,0,0,0,0,1,0,0,0,0,0,0,0
GCF_900513825.1,0,0,0,0,1,0,0,0,0,0,0,0
GCF_900513935.1,0,0,0,0,1,0,0,0,0,0,0,0
GCF_900513965.1,0,0,0,0,1,0,0,0,0,0,0,0
GCF_900514035.1,0,0,0,0,1,0,0,0,0,0,0,0
GCF_900511995.1,0,0,0,0,1,0,0,0,0,0,0,0
GCF_900512045.1,0,0,0,0,1,0,0,0,0,0,0,0
GCF_900501935.1,0,0,0,0,1,0,0,0,0,0,0,0
GCF_900502005.1,0,0,0,0,1,0,0,0,0,0,0,0
GCF_900502035.1,0,0,0,0,1,0,0,0,0,0,0,0
GCF_900504265.1,0,0,0,0,1,0,0,0,0,0,0,0
GCF_900503465.1,0,0,0,0,1,0,0,0,0,0,0,0
GCF_900503525.1,0,0,0,0,1,0,0,0,0,0,0,0
GCF_900507785.1,0,0,0,0,1,0,0,0,0,0,0,0
GCF_900507425.1,0,0,0,0,1,0,0,0,0,0,0,0
GCF_900508665.1,0,0,0,0,1,0,0,0,0,0,0,0
GCF_900504675.1,0,0,0,0,1,0,0,0,0,0,0,0
GCF_900503125.1,0,0,0,0,1,0,0,0,0,0,0,0
GCF_900506555.1,0,0,0,0,0,1,0,0,0,0,0,0
GCF_900507065.1,0,0,0,0,0,1,0,0,0,0,0,0
GCF_900516405.1,0,0,0,0,0,1,0,0,0,0,0,0
GCF_900516655.1,0,0,0,0,0,1,0,0,0,0,0,0
GCF_900517205.1,0,0,0,0,0,1,0,0,0,0,0,0
GCF_900505705.1,0,0,0,0,0,1,0,0,0,0,0,0
GCF_900505755.1,0,0,0,0,0,1,0,0,0,0,0,0
GCF_900505815.1,0,0,0,0,0,1,0,0,0,0,0,0
GCF_900503375.1,0,0,0,0,0,1,0,0,0,0,0,0
GCF_900506175.1,0,0,0,0,0,1,0,0,0,0,0,0
GCF_900517825.1,0,0,0,0,0,1,0,0,0,0,0,0
GCF_900504485.1,0,0,0,0,0,1,0,0,0,0,0,0
GCF_900505585.1,0,0,0,0,0,1,0,0,0,0,0,0
GCF_900507765.1,0,0,0,0,0,1,0,0,0,0,0,0
GCF_900506955.1,0,0,0,0,0,0,1,0,0,0,0,0
GCF_900509985.1,0,0,0,0,0,0,1,0,0,0,0,0
GCF_900510015.1,0,0,0,0,0,0,1,0,0,0,0,0
GCF_900511675.1,0,0,0,0,0,0,1,0,0,0,0,0
GCF_900512035.1,0,0,0,0,0,0,1,0,0,0,0,0
GCF_900507245.1,0,0,0,0,0,0,1,0,0,0,0,0
GCF_900507295.1,0,0,0,0,0,0,1,0,0,0,0,0
GCF_900506415.1,0,0,0,0,0,0,0,1,0,0,0,0
GCF_900512665.1,0,0,0,0,0,0,0,1,0,0,0,0
GCF_900512085.1,0,0,0,0,0,0,0,1,0,0,0,0
GCF_900507155.1,0,0,0,0,0,0,0,1,0,0,0,0
GCF_900509125.1,0,0,0,0,0,0,0,0,1,0,0,0
GCF_900508695.1,0,0,0,0,0,0,0,0,0,1,0,0
SRR5877463,1,0,0,0,0,0,0,0,0,0,0,0
SRR5877473,1,0,0,0,0,0,0,0,0,0,0,0
SRR5877521,0,0,0,0,1,0,0,0,0,0,0,0
SRR5877514,0,0,0,0,1,0,0,0,0,0,0,0
SRR5877500,0,0,0,0,0,1,0,0,0,0,0,0
ERR276929,1,0,0,0,0,0,0,0,0,0,0,0
ERR276937,0,0,1,0,0,0,0,0,0,0,0,0
ERR276942,0,0,1,0,0,0,0,0,0,0,0,0
ERR276948,0,0,1,0,0,0,0,0,0,0,0,0
ERR276955,0,0,1,0,0,0,0,0,0,0,0,0
ERR276960,0,0,1,0,0,0,0,0,0,0,0,0
ERR276970,0,0,0,1,0,0,0,0,0,0,0,0
ERR276932,0,0,0,0,1,0,0,0,0,0,0,0
ERR276972,0,0,0,0,1,0,0,0,0,0,0,0
ERR276939,0,0,0,0,0,1,0,0,0,0,0,0
ERR276989,0,0,0,0,0,1,0,0,0,0,0,0
SRR1508882,0,0,0,0,0,1,0,0,0,0,0,0
SRR1508865,0,0,0,0,0,0,1,0,0,0,0,0
SRR1508820,0,0,0,0,0,0,1,0,0,0,0,0
ERR713641,0,0,0,0,0,0,0,0,0,0,0,1
ERR713647,1,0,0,0,0,0,0,0,0,0,0,0
ERR713523,1,0,0,0,0,0,0,0,0,0,0,0
ERR712625,1,0,0,0,0,0,0,0,0,0,0,0
ERR713642,1,0,0,0,0,0,0,0,0,0,0,0
ERR720259,1,0,0,0,0,0,0,0,0,0,0,0
ERR732775,0,0,1,0,0,0,0,0,0,0,0,0
ERR720244,0,0,0,0,0,1,0,0,0,0,0,0
ERR279216,1,0,0,0,0,0,0,0,0,0,0,0
ERR279267,1,0,0,0,0,0,0,0,0,0,0,0
ERR314344,0,0,1,0,0,0,0,0,0,0,0,0
ERR279244,0,0,1,0,0,0,0,0,0,0,0,0
ERR314347,0,0,1,0,0,0,0,0,0,0,0,0
ERR314350,0,0,1,0,0,0,0,0,0,0,0,0
24042_7_269,1,0,0,0,0,0,0,0,0,0,0,0
49,1,0,0,0,0,0,0,0,0,0,0,0
89,1,0,0,0,0,0,0,0,0,0,0,0
24042_7_258,1,0,0,0,0,0,0,0,0,0,0,0
103,1,0,0,0,0,0,0,0,0,0,0,0
24042_7_259,1,0,0,0,0,0,0,0,0,0,0,0
24042_7_260,1,0,0,0,0,0,0,0,0,0,0,0
172,1,0,0,0,0,0,0,0,0,0,0,0
BP2189,1,0,0,0,0,0,0,0,0,0,0,0
24042_7_231,1,0,0,0,0,0,0,0,0,0,0,0
24042_7_256,1,0,0,0,0,0,0,0,0,0,0,0
24042_7_338,1,0,0,0,0,0,0,0,0,0,0,0
24042_7_340,1,0,0,0,0,0,0,0,0,0,0,0
24042_7_346,1,0,0,0,0,0,0,0,0,0,0,0
24042_7_351,1,0,0,0,0,0,0,0,0,0,0,0
24042_7_334,1,0,0,0,0,0,0,0,0,0,0,0
24042_7_274,1,0,0,0,0,0,0,0,0,0,0,0
24042_7_276,1,0,0,0,0,0,0,0,0,0,0,0
24042_7_222,1,0,0,0,0,0,0,0,0,0,0,0
24042_7_215,1,0,0,0,0,0,0,0,0,0,0,0
24042_7_308,0,0,1,0,0,0,0,0,0,0,0,0
24042_7_236,0,0,1,0,0,0,0,0,0,0,0,0
2481,0,0,1,0,0,0,0,0,0,0,0,0
24042_7_320,0,0,1,0,0,0,0,0,0,0,0,0
2,0,0,1,0,0,0,0,0,0,0,0,0
41,0,0,1,0,0,0,0,0,0,0,0,0
117,0,0,1,0,0,0,0,0,0,0,0,0
256,0,0,1,0,0,0,0,0,0,0,0,0
KPN238,0,0,1,0,0,0,0,0,0,0,0,0
24042_7_342,0,0,1,0,0,0,0,0,0,0,0,0
24042_7_337,0,0,1,0,0,0,0,0,0,0,0,0
24042_7_266,0,0,0,1,0,0,0,0,0,0,0,0
167,0,0,0,1,0,0,0,0,0,0,0,0
21,0,0,0,0,1,0,0,0,0,0,0,0
24042_7_221,0,0,0,0,1,0,0,0,0,0,0,0
24042_7_230,0,0,0,0,1,0,0,0,0,0,0,0
24042_7_217,0,0,0,0,1,0,0,0,0,0,0,0
24042_7_330,0,0,0,0,1,0,0,0,0,0,0,0
24042_7_241,0,0,0,0,0,1,0,0,0,0,0,0
24042_7_332,0,0,0,0,0,1,0,0,0,0,0,0
51,0,0,0,0,0,0,1,0,0,0,0,0
24042_7_341,0,0,0,0,0,0,1,0,0,0,0,0
24042_7_248,0,0,0,0,0,0,0,1,0,0,0,0
93,0,0,0,0,0,0,0,0,1,0,0,0
24042_7_348,0,0,0,0,0,0,0,0,0,1,0,0
