genome_id,amoxicillin,cefquinome,ceftiofur,penicillin,trimethoprim
g1307.7503,0,0,0,0,0
g1307.7504,0,0,0,0,0
g1307.7505,0,0,0,0,0
g1307.7506,0,0,0,0,0
g1307.7507,0,0,0,0,0
g1307.7508,0,0,0,0,0
g1307.7509,0,0,0,0,1
g1307.7510,0,0,0,0,0
g1307.7511,0,0,0,0,0
g1307.7512,0,0,0,0,0
g1307.7513,0,0,0,0,0
g1307.7514,0,0,0,0,0
g1307.7515,0,0,1,1,1
g1307.7516,0,0,1,1,0
g1307.7517,0,0,0,0,0
g1307.7518,0,0,0,0,0
g1307.7519,0,0,1,1,1
g1307.7520,0,0,0,0,0
g1307.7521,0,0,0,0,0
g1307.7522,0,0,1,1,0
g1307.7523,0,0,0,0,0
g1307.7524,0,0,0,0,0
g1307.7525,0,0,0,0,0
g1307.7526,0,0,0,0,0
g1307.7527,0,0,0,0,0
g1307.7528,0,0,0,0,0
g1307.7529,0,0,0,0,0
g1307.7530,0,0,0,0,1
g1307.7531,0,0,0,0,0
g1307.7532,0,0,0,0,0
g1307.7533,0,0,0,0,0
g1307.7534,0,0,0,0,0
g1307.7535,0,0,0,0,0
g1307.7536,0,0,0,0,0
g1307.7537,0,0,0,0,0
g1307.7538,0,0,1,1,1
g1307.7539,0,0,0,0,0
g1307.7540,0,0,0,0,0
g1307.7541,0,0,0,0,0
g1307.7542,0,0,0,0,0
g1307.7543,0,0,0,0,0
g1307.7544,0,0,0,0,0
g1307.7545,0,0,0,0,0
g1307.7546,0,0,1,1,1
g1307.7547,0,0,0,0,0
g1307.7548,0,0,1,1,0
g1307.7549,0,0,0,0,0
g1307.7550,0,0,0,0,0
g1307.7551,0,0,0,0,0
g1307.7552,0,0,0,0,1
g1307.7553,0,0,1,1,0
g1307.7554,0,0,0,0,0
g1307.7555,1,1,1,1,1
g1307.7556,0,0,0,0,0
g1307.7557,0,0,0,0,1
g1307.7558,0,0,0,0,0
g1307.7559,0,0,0,0,0
g1307.7560,0,0,0,0,0
g1307.7561,0,0,0,0,0
g1307.7562,0,0,1,1,1
g1307.7563,0,0,0,0,0
g1307.7564,0,0,0,0,0
g1307.7565,0,0,0,0,0
g1307.7566,0,0,0,0,0
g1307.7567,0,0,0,0,1
g1307.7568,0,0,0,0,0
g1307.7569,0,0,0,0,0
g1307.7570,0,0,0,0,0
g1307.7571,0,0,0,0,0
g1307.7572,0,0,0,0,0
g1307.7573,0,0,0,0,1
g1307.7574,0,0,0,0,1
g1307.7575,0,0,1,1,1
g1307.7576,0,0,0,0,0
g1307.7577,0,0,0,0,0
g1307.7578,0,0,0,0,1
g1307.7579,0,0,0,0,1
g1307.7580,0,0,0,0,0
g1307.7581,0,0,0,0,1
g1307.7582,0,0,0,0,0
g1307.7583,0,0,1,0,1
g1307.7584,0,0,0,0,0
g1307.7585,0,0,0,0,0
g1307.7586,0,0,0,0,0
g1307.7587,0,0,0,0,1
g1307.7588,0,0,0,1,1
g1307.7589,0,0,0,0,0
g1307.7590,0,0,0,0,1
g1307.7591,0,0,0,0,0
g1307.7592,0,0,0,0,0
g1307.7593,1,1,1,1,1
g1307.7594,0,0,0,0,0
g1307.7595,0,0,1,0,1
g1307.7596,0,0,0,0,0
g1307.7597,0,0,1,1,0
g1307.7598,0,0,1,1,1
g1307.7599,0,0,0,0,0
g1307.7600,0,0,0,0,1
g1307.7601,0,0,1,1,0
g1307.7602,0,0,0,1,1
g1307.7603,0,0,0,0,0
g1307.7604,0,0,1,0,1
g1307.7605,0,0,0,0,0
g1307.7606,0,1,1,1,1
g1307.7607,0,0,0,0,0
g1307.7608,0,0,0,0,0
g1307.7609,0,0,1,1,0
g1307.7610,0,0,1,1,1
g1307.7611,0,0,0,0,0
g1307.7612,0,0,1,1,0
g1307.7613,0,0,0,0,0
g1307.7614,0,0,0,0,1
g1307.7615,0,0,1,1,0
g1307.7616,0,0,0,0,1
g1307.7617,0,0,0,0,0
g1307.7618,0,0,0,0,0
g1307.7619,0,0,1,1,1
g1307.7620,0,0,0,0,0
g1307.7621,0,0,0,0,0
g1307.7622,0,0,0,0,0
g1307.7623,0,0,0,0,0
g1307.7624,0,0,0,0,1
g1307.7625,0,0,0,0,0
g1307.7626,1,1,1,1,1
g1307.7627,0,0,0,0,0
g1307.7628,0,0,0,0,0
g1307.7629,0,0,0,0,0
g1307.7630,0,0,0,1,1
g1307.7631,0,0,0,0,0
g1307.7632,0,0,0,0,0
g1307.7633,0,0,0,0,0
g1307.7634,0,0,0,0,0
g1307.7635,0,0,0,0,0
g1307.7636,0,0,0,0,0
g1307.7637,0,0,0,0,0
g1307.7638,0,1,1,1,0
g1307.7639,1,1,1,1,1
g1307.7640,0,0,0,0,0
g1307.7641,0,0,0,0,0
g1307.7642,0,0,0,0,0
g1307.7643,0,0,0,0,0
g1307.7644,0,0,1,0,0
g1307.7645,0,0,0,0,0
g1307.7646,0,0,0,0,0
g1307.7647,0,0,0,0,0
g1307.7648,0,0,0,0,0
g1307.7649,0,0,1,0,0
g1307.7650,0,0,1,1,1
g1307.7651,1,1,1,1,1
g1307.7652,0,0,1,0,0
g1307.7653,0,0,1,1,1
g1307.7654,0,0,0,0,0
g1307.7655,1,1,1,1,1
g1307.7656,0,0,0,0,0
g1307.7657,0,0,0,0,0
g1307.7658,0,0,0,0,0
g1307.7659,0,0,1,1,0
g1307.7660,0,0,0,1,1
g1307.7661,0,0,0,0,0
g1307.7662,0,0,0,0,0
g1307.7663,0,0,0,0,0
g1307.7664,0,0,1,1,0
g1307.7665,0,0,0,0,0
g1307.7666,0,0,0,0,0
g1307.7667,0,0,0,0,0
g1307.7668,0,0,0,0,1
g1307.7669,1,1,1,1,0
g1307.7670,1,0,1,1,1
g1307.7671,1,0,1,1,1
g1307.7672,1,0,1,1,1
g1307.7673,0,0,1,1,0
g1307.7674,0,0,1,1,1
g1307.7675,0,0,0,0,0
g1307.7676,0,0,0,0,0
g1307.7677,0,0,0,0,0
g1307.7678,0,0,0,0,0
g1307.7679,0,0,0,0,0
g1307.7680,1,0,1,1,1
g1307.7681,0,0,0,0,0
g1307.7682,0,0,1,1,1
g1307.7683,0,0,0,0,0
g1307.7684,1,1,1,1,1
g1307.7685,0,0,0,0,0
g1307.7686,0,0,0,0,0
g1307.7687,1,0,1,1,1
g1307.7688,0,0,0,0,0
g1307.7689,0,0,0,0,1
g1307.7690,0,0,0,0,0
g1307.7691,0,0,0,0,0
g1307.7692,0,0,0,0,0
g1307.7693,0,0,0,0,0
g1307.7694,0,0,0,0,0
g1307.7695,0,0,0,0,0
g1307.7696,0,0,0,0,0
g1307.7697,0,0,0,0,0
g1307.7698,0,0,0,0,0
g1307.7699,0,0,0,0,0
g1307.7700,0,0,0,0,0
g1307.7701,0,0,0,0,0
g1307.7702,0,1,1,1,1
g1307.7703,0,0,0,0,0
g1307.7704,0,0,1,1,0
g1307.7705,1,0,1,1,0
g1307.7706,0,0,0,0,0
g1307.7707,0,0,0,0,0
g1307.7708,0,0,1,0,0
g1307.7709,0,0,0,0,0
g1307.7710,0,0,0,0,0
g1307.7711,0,0,0,0,0
g1307.7712,0,0,0,0,1
g1307.7713,0,0,0,0,0
g1307.7714,0,0,0,0,0
g1307.7715,1,0,1,1,1
g1307.7716,0,0,0,0,0
g1307.7717,0,0,0,0,0
g1307.7718,0,0,0,1,1
g1307.7719,0,0,1,0,0
g1307.7720,1,1,1,1,1
g1307.7721,1,1,1,1,1
g1307.7722,0,1,1,1,1
g1307.7723,0,0,1,1,1
g1307.7724,1,0,1,1,1
g1307.7725,1,0,1,1,1
g1307.7726,1,0,1,1,1
g1307.7727,0,0,0,0,1
g1307.7728,0,0,0,0,0
g1307.7729,1,0,1,1,1
g1307.7730,0,0,0,0,0
g1307.7731,0,0,0,0,0
g1307.7732,0,0,0,0,0
g1307.7733,0,0,0,0,0
g1307.7734,0,0,0,0,0
g1307.7735,0,0,0,0,0
g1307.7736,0,0,0,0,0
g1307.7737,0,0,0,0,0
g1307.7738,0,0,0,0,0
g1307.7739,0,0,1,1,0
g1307.7740,0,0,0,0,0
g1307.7741,0,0,1,1,1
g1307.7742,0,0,0,0,0
g1307.7743,0,1,1,1,0
g1307.7744,0,0,0,0,0
g1307.7745,0,0,0,0,0
g1307.7746,0,0,0,0,0
g1307.7747,0,0,0,0,0
g1307.7748,0,0,0,0,0
g1307.7749,0,0,1,1,0
g1307.7750,0,0,0,0,0
g1307.7751,0,0,0,0,0
g1307.7752,0,0,1,1,0
g1307.7753,0,0,1,1,1
g1307.7754,0,0,1,1,0
g1307.7755,0,0,0,0,0
g1307.7756,0,0,1,0,0
g1307.7757,0,0,0,0,0
g1307.7758,0,0,1,1,1
g1307.7759,0,0,0,0,0
g1307.7760,0,0,0,0,0
g1307.7761,0,0,0,0,0
g1307.7762,0,0,0,0,0
g1307.7763,0,0,0,0,1
g1307.7764,0,0,1,1,1
g1307.7765,0,0,0,0,1
g1307.7766,0,0,0,0,0
g1307.7767,0,0,0,0,0
g1307.7768,0,0,0,1,0
g1307.7769,0,0,0,0,0
g1307.7770,0,0,0,0,0
g1307.7771,0,1,1,1,0
g1307.7772,0,0,0,0,0
g1307.7773,0,0,0,0,0
g1307.7774,1,1,1,1,1
g1307.7775,0,0,0,0,0
g1307.7776,0,0,1,1,0
g1307.7777,0,0,0,0,0
g1307.7778,1,1,1,1,1
g1307.7779,0,0,0,0,0
g1307.7780,0,0,1,1,1
g1307.7781,0,0,1,1,1
g1307.7782,0,0,1,1,0
g1307.7783,0,0,0,0,0
g1307.7784,0,0,0,0,0
g1307.7785,0,0,0,0,0
g1307.7786,1,0,1,1,0
g1307.7787,0,0,0,0,0
g1307.7788,0,0,0,0,1
g1307.7789,0,0,0,0,1
g1307.7790,0,0,0,0,0
g1307.7791,0,0,0,0,0
g1307.7792,0,0,0,0,0
g1307.7793,0,0,0,0,0
g1307.7794,0,0,0,0,1
g1307.7795,0,0,0,0,0
g1307.7796,0,0,0,0,0
g1307.7797,0,0,1,1,0
g1307.7798,0,1,1,1,1
g1307.7799,0,0,0,0,0
g1307.7800,0,0,0,0,0
g1307.7801,0,0,0,0,0
g1307.7802,0,0,0,0,0
g1307.7803,0,0,0,0,0
g1307.7804,0,0,0,0,0
g1307.7805,0,0,0,0,0
g1307.7806,1,0,0,0,1
g1307.7807,0,0,0,0,0
g1307.7808,0,0,1,1,1
g1307.7809,0,0,0,0,0
g1307.7810,0,0,0,0,0
g1307.7811,0,0,0,0,0
g1307.7812,1,1,1,1,0
g1307.7813,0,0,0,0,1
g1307.7814,0,0,0,0,0
g1307.7815,0,0,1,1,0
g1307.7816,1,1,1,1,1
g1307.7817,0,0,0,0,0
g1307.7818,0,0,1,1,1
g1307.7819,0,0,0,0,0
g1307.7820,0,0,1,0,0
g1307.7821,0,0,0,0,0
g1307.7822,0,0,0,0,0
g1307.7823,0,0,0,0,0
g1307.7824,0,0,0,0,0
g1307.7825,0,0,1,1,0
g1307.7826,0,0,0,0,0
g1307.7827,0,1,1,1,1
g1307.7828,0,0,0,0,0
g1307.7829,0,0,0,0,0
g1307.7830,0,0,0,0,0
g1307.7831,0,0,1,1,1
g1307.7832,0,0,0,0,1
g1307.7833,1,0,1,1,1
g1307.7834,0,0,1,1,0
g1307.7835,0,0,1,1,1
g1307.7836,0,0,0,0,0
g1307.7837,0,0,0,0,0
g1307.7838,0,0,0,1,0
g1307.7839,0,0,0,1,0
g1307.7840,1,1,1,1,0
g1307.7841,0,0,0,0,0
g1307.7842,0,0,1,1,0
g1307.7843,1,0,1,1,1
g1307.7844,0,0,1,1,0
g1307.7845,1,1,1,1,1
g1307.7846,0,0,0,0,0
g1307.7847,0,0,0,0,0
g1307.7848,0,0,1,1,1
g1307.7849,1,0,1,1,0
g1307.7850,0,0,1,1,0
g1307.7851,0,0,0,0,0
g1307.7852,0,0,0,0,1
g1307.7853,0,0,0,0,0
g1307.7854,0,0,0,0,0
g1307.7855,0,0,0,0,0
g1307.7856,0,0,0,0,0
g1307.7857,0,0,0,0,0
g1307.7858,0,0,0,0,0
g1307.7859,0,0,0,0,0
g1307.7860,0,0,0,0,1
g1307.7861,0,0,0,0,0
g1307.7862,0,0,0,0,0
g1307.7863,0,0,0,0,0
g1307.7864,0,0,0,0,0
g1307.7865,0,0,0,0,0
g1307.7866,0,0,0,0,0
g1307.7867,0,0,0,0,0
g1307.7868,0,0,0,0,0
g1307.7869,0,0,0,0,0
g1307.7870,0,0,0,0,0
g1307.7871,0,0,1,1,1
g1307.7872,0,0,0,0,0
g1307.7873,0,0,0,0,0
g1307.7874,0,0,0,0,0
g1307.7875,0,0,0,0,0
g1307.7876,0,0,0,0,0
g1307.7877,0,0,0,0,0
g1307.7878,0,0,0,0,0
g1307.7879,0,0,0,0,0
g1307.7880,0,0,0,0,1
g1307.7881,0,0,0,0,0
g1307.7882,0,0,0,0,0
g1307.7883,0,0,0,0,0
g1307.7884,0,0,0,0,0
g1307.7885,0,0,0,0,0
g1307.7886,0,0,1,1,1
g1307.7887,0,0,0,0,0
g1307.7888,0,0,0,0,0
g1307.7889,0,0,0,0,0
g1307.7890,0,0,0,0,1
g1307.7891,0,0,0,0,1
g1307.7892,0,0,0,0,1
g1307.7893,0,0,0,0,1
g1307.7894,0,0,0,0,0
g1307.7895,0,0,0,0,0
g1307.7896,0,0,1,1,1
g1307.7897,0,0,0,0,0
g1307.7898,0,0,0,0,1
g1307.7899,1,0,1,1,1
g1307.7900,0,0,1,1,1
g1307.7901,0,0,0,0,1
g1307.7902,0,0,0,0,0
g1307.7903,0,0,0,0,0
g1307.7904,0,0,0,0,0
g1307.7905,0,0,1,0,0
g1307.7906,0,0,1,1,1
g1307.7907,0,0,1,1,1
g1307.7908,0,0,1,1,0
g1307.7909,0,0,0,0,0
g1307.7910,0,0,0,0,0
g1307.7911,0,0,0,0,0
g1307.7912,0,0,0,0,0
g1307.7913,0,0,1,1,1
g1307.7914,0,0,1,1,1
g1307.7915,0,0,0,0,0
g1307.7916,0,0,0,0,0
g1307.7917,0,0,0,0,1
g1307.7918,1,1,1,1,1
g1307.7919,0,0,0,0,1
g1307.7920,0,0,0,0,0
g1307.7921,0,0,1,1,1
g1307.7922,0,0,0,0,0
g1307.7923,0,0,0,0,0
g1307.7924,0,0,1,1,1
g1307.7925,0,0,0,1,1
g1307.7926,0,0,0,0,0
g1307.7927,0,0,1,1,1
g1307.7928,0,0,1,1,1
g1307.7929,1,0,1,1,0
g1307.7930,0,0,1,1,0
g1307.7931,1,0,1,1,1
g1307.7932,0,0,0,0,1
g1307.7933,0,0,1,1,0
g1307.7934,0,0,1,1,0
g1307.7935,0,0,1,1,1
g1307.7936,0,0,0,0,0
g1307.7937,0,0,1,1,0
g1307.7938,0,0,1,1,1
g1307.7939,0,0,0,0,0
g1307.7940,0,0,1,1,1
g1307.7941,0,0,0,0,0
g1307.7942,0,0,0,0,0
g1307.7943,0,0,0,0,1
g1307.7944,0,0,0,0,0
g1307.7945,0,0,0,0,0
g1307.7946,0,0,0,0,0
g1307.7947,0,0,0,0,0
g1307.7948,0,0,0,0,0
g1307.7949,0,0,0,0,0
g1307.7950,0,0,0,1,1
g1307.7951,0,0,1,1,1
g1307.7952,0,0,0,0,0
g1307.7953,0,0,0,0,0
g1307.7954,0,0,0,0,0
g1307.7955,0,0,1,1,1
g1307.7956,0,0,1,1,0
g1307.7957,0,0,0,0,0
g1307.7958,0,0,0,0,0
g1307.7959,0,0,1,1,1
g1307.7960,0,0,0,0,0
g1307.7961,0,0,0,0,1
g1307.7962,0,0,1,1,1
g1307.7963,0,0,1,1,1
g1307.7964,0,0,1,1,1
g1307.7965,0,0,0,0,0
g1307.7966,0,0,1,1,1
g1307.7967,0,0,1,0,0
g1307.7968,0,0,0,0,0
g1307.7969,0,0,0,0,0
g1307.7970,0,0,0,0,0
g1307.7971,0,0,0,0,0
g1307.7972,0,0,0,0,0
g1307.7973,0,0,0,0,0
g1307.7974,0,0,0,0,1
g1307.7975,0,0,1,1,1
g1307.7976,0,0,0,0,1
g1307.7977,0,0,0,0,0
g1307.7978,0,0,1,1,1
g1307.7979,0,0,0,0,0
g1307.7980,0,0,0,0,0
g1307.7981,0,0,1,1,1
g1307.7982,0,0,1,0,1
g1307.7983,0,0,0,0,0
g1307.7984,0,0,0,0,0
g1307.7985,0,0,0,0,0
g1307.7986,0,0,0,0,1
g1307.7987,0,0,0,0,0
g1307.7988,0,0,0,0,0
g1307.7989,0,0,0,0,0
g1307.7990,0,0,1,0,0
g1307.7991,0,0,0,0,0
g1307.7992,0,0,0,0,0
g1307.7993,1,1,1,1,0
g1307.7994,0,0,0,0,0
g1307.7995,0,0,0,0,0
g1307.7996,0,0,1,1,1
g1307.7997,0,0,0,0,0
g1307.7998,0,0,0,0,0
g1307.7999,0,0,0,0,0
g1307.8000,0,0,0,0,1
g1307.8001,0,0,0,0,0
g1307.8002,0,0,0,0,0
g1307.8003,0,0,1,0,1
g1307.8004,0,0,1,1,0
g1307.8005,0,0,1,1,1
g1307.8006,0,0,0,0,1
g1307.8007,0,0,1,1,1
g1307.8008,0,0,0,0,0
g1307.8009,0,0,0,0,1
g1307.8010,0,0,0,0,1
g1307.8011,0,0,0,0,1
g1307.8012,0,0,0,0,0
g1307.8013,0,0,0,0,0
g1307.8014,0,0,1,0,1
g1307.8015,0,0,0,0,0
g1307.8016,0,0,0,0,0
g1307.8017,0,0,1,1,1
g1307.8018,0,0,1,1,1
g1307.8019,0,0,0,0,1
g1307.8020,0,0,0,0,1
g1307.8021,0,0,1,1,1
g1307.8022,0,0,1,1,1
g1307.8023,0,0,1,1,1
g1307.8024,0,0,1,1,1
g1307.8025,0,0,0,0,1
g1307.8026,0,0,1,1,1
g1307.8027,0,0,0,0,0
g1307.8028,0,0,0,0,0
g1307.8029,0,0,0,0,0
g1307.8030,0,0,0,0,0
g1307.8031,0,0,0,0,0
g1307.8032,0,0,0,0,0
g1307.8033,0,0,0,0,0
g1307.8034,0,0,0,0,0
g1307.8035,0,0,0,0,0
g1307.8036,0,0,0,0,0
g1307.8037,0,0,0,0,0
g1307.8038,0,0,0,0,1
g1307.8039,0,0,1,0,0
g1307.8040,0,0,0,0,0
g1307.8041,0,0,0,0,0
g1307.8042,0,0,0,0,1
g1307.8043,0,0,0,0,0
g1307.8044,0,0,1,1,1
g1307.8045,0,0,0,0,1
g1307.8046,0,0,0,0,0
g1307.8047,0,0,0,0,0
g1307.8048,0,0,0,0,0
g1307.8049,0,0,0,0,0
g1307.8050,0,0,0,0,0
g1307.8051,0,0,0,0,1
g1307.8052,0,0,0,0,1
g1307.8053,0,0,0,0,0
g1307.8054,0,0,0,0,0
g1307.8055,0,0,0,0,0
g1307.8056,0,0,0,0,1
g1307.8057,0,0,0,0,0
g1307.8058,0,0,0,0,0
g1307.8059,0,0,0,0,1
g1307.8060,0,0,0,0,0
g1307.8061,0,0,0,0,1
g1307.8062,0,0,0,0,0
g1307.8063,0,0,0,0,0
g1307.8064,0,0,0,0,1
g1307.8065,0,0,1,1,1
g1307.8066,0,0,0,0,0
g1307.8067,0,0,0,0,0
g1307.8068,0,0,0,0,0
g1307.8069,0,0,0,0,0
g1307.8070,0,0,0,0,0
g1307.8071,0,0,0,0,0
g1307.8072,0,0,0,0,0
g1307.8073,0,0,0,0,1
g1307.8074,0,0,0,0,0
g1307.8075,0,0,0,0,0
g1307.8076,0,0,0,0,0
g1307.8077,0,0,0,0,1
g1307.8078,0,0,0,0,1
g1307.8079,0,0,0,0,1
g1307.8080,0,0,0,0,1
g1307.8081,0,0,0,0,0
g1307.8082,0,0,1,1,0
g1307.8083,0,0,0,0,0
g1307.8084,0,0,0,0,0
g1307.8085,0,0,1,1,0
g1307.8086,0,0,0,0,0
g1307.8087,0,0,0,0,0
g1307.8088,0,0,0,0,1
g1307.8089,0,0,0,0,0
g1307.8090,0,0,0,0,0
g1307.8091,0,0,0,0,1
g1307.8092,0,0,0,0,0
g1307.8093,0,0,0,0,0
g1307.8094,0,0,0,0,0
g1307.8095,0,0,0,0,0
g1307.8096,0,0,0,0,0
g1307.8097,0,0,0,0,0
g1307.8098,0,0,0,0,1
g1307.8099,0,0,0,0,0
g1307.8100,0,0,0,0,0
g1307.8101,0,0,0,0,0
g1307.8102,0,0,0,0,0
g1307.8103,0,0,1,1,1
g1307.8104,0,0,0,0,1
g1307.8105,0,0,0,0,0
g1307.8106,0,0,0,0,1
g1307.8107,0,0,0,0,0
g1307.8108,0,0,0,0,0
g1307.8109,0,0,0,0,0
g1307.8110,0,0,0,0,0
g1307.8111,0,0,0,0,0
g1307.8112,0,0,0,0,0
g1307.8113,0,0,1,1,0
g1307.8114,0,0,0,0,0
g1307.8115,0,0,0,0,1
g1307.8116,0,0,0,0,0
g1307.8117,0,0,0,0,0
g1307.8118,0,0,0,0,1
g1307.8119,0,0,0,0,0
g1307.8120,0,0,0,0,0
g1307.8121,0,0,0,0,1
g1307.8122,0,0,0,0,0
g1307.8123,0,0,0,0,0
g1307.8124,0,0,1,1,0
g1307.8125,0,0,0,0,1
g1307.8126,0,0,0,0,0
g1307.8127,0,0,0,0,0
g1307.8128,0,0,0,0,0
g1307.8129,0,0,0,0,0
g1307.8130,0,0,0,0,0
g1307.8131,0,0,0,0,0
g1307.8132,0,0,0,0,0
g1307.8133,0,0,0,0,0
g1307.8134,0,0,0,0,0
g1307.8135,0,0,0,0,1
g1307.8136,0,0,0,0,0
g1307.8137,0,0,0,0,0
g1307.8138,0,0,0,0,0
g1307.8139,0,0,0,0,0
g1307.8140,0,0,0,0,0
g1307.8141,0,0,0,0,0
g1307.8142,0,0,0,0,1
g1307.8143,0,0,0,0,0
g1307.8144,0,0,0,0,0
g1307.8145,0,0,0,0,0
g1307.8146,0,0,1,0,0
g1307.8147,0,0,0,0,0
g1307.8148,0,0,0,0,0
g1307.8149,0,0,0,0,0
g1307.8150,0,0,0,0,0
g1307.8151,0,0,0,0,0
g1307.8152,0,0,0,0,1
g1307.8153,0,0,0,0,0
g1307.8154,0,0,0,0,0
g1307.8155,0,0,0,0,0
g1307.8156,0,0,0,0,0
g1307.8157,0,0,0,0,0
g1307.8158,0,0,0,0,0
g1307.8159,0,0,0,0,0
g1307.8160,0,0,0,0,0
g1307.8161,0,0,0,0,1
g1307.8162,0,0,0,0,1
g1307.8163,0,0,0,1,0
g1307.8164,0,0,0,1,0
g1307.8165,0,0,0,0,0
g1307.8166,0,0,0,0,0
g1307.8167,0,0,0,0,0
g1307.8168,0,0,0,0,0
g1307.8169,0,0,0,0,0
g1307.8170,0,0,0,0,0
g1307.8171,0,0,0,0,0
g1307.8172,0,0,0,0,0
g1307.8173,0,0,0,0,0
g1307.8174,0,0,0,0,0
g1307.8175,0,0,0,0,0
g1307.8176,0,0,1,0,0
g1307.8177,0,0,0,0,0
g1307.8178,0,0,0,0,0
g1307.8179,0,0,0,0,0
