design,rho,procedure,replicates,failed,rejection,wilson_low,wilson_high
gauss_0.1,0.1,p_value,2000,0,0.8895,0.8750061778796243,0.9025004422882794
gauss_0.1,0.1,anova_p,2000,0,0.906,0.8924205382864566,0.918022819321166
gauss_0.1,0.1,lmm_p,2000,0,0.8935,0.8792182266916742,0.9062730570979796
gauss_0.1,0.1,cens_p,2000,0,0.924,0.9115560319521683,0.9348183119533293
gauss_0.1,0.1,kw_p,2000,0,0.88,0.8650247373766291,0.8935183066896186
gauss_0.1,0.1,ricc_p,2000,0,0.7225,0.7024638180925351,0.7416830958673073
gauss_0.1,0.1,ict_p,2000,0,0.88,0.8650247373766291,0.8935183066896186
gauss_0.1,0.1,strat_p,2000,0,0.88,0.8650247373766291,0.8935183066896186
null,0.0,p_value,5000,0,0.0454,0.039970320043562504,0.051527674564883455
null,0.0,anova_p,5000,0,0.0474,0.04184958432057469,0.05364533948009102
null,0.0,lmm_p,5000,0,0.0232,0.019378981328847723,0.02775309924595875
null,0.0,cens_p,5000,0,0.0684,0.0617292790535601,0.07573340126541322
null,0.0,kw_p,5000,0,0.0382,0.033231777279803,0.04387727223665177
null,0.0,ricc_p,5000,0,0.0162,0.013053851931465627,0.020088976470571653
null,0.0,ict_p,5000,0,0.0382,0.033231777279803,0.04387727223665177
null,0.0,strat_p,5000,0,0.0382,0.033231777279803,0.04387727223665177
few,0.5,p_value,2000,0,0.967,0.9582322305395993,0.9739772472997102
few,0.5,anova_p,2000,0,0.97,0.9615758302685604,0.9766221452870616
few,0.5,lmm_p,2000,0,0.9455,0.9346702670259668,0.9546216438464368
few,0.5,cens_p,2000,0,0.9755,0.9677585183176651,0.9814183697178633
few,0.5,kw_p,2000,0,0.962,0.9526962482408641,0.969532400071258
few,0.5,ricc_p,2000,0,0.7665,0.7474588661886875,0.7845193476104045
few,0.5,ict_p,2000,0,0.962,0.9526962482408641,0.969532400071258
few,0.5,strat_p,2000,0,0.962,0.9526962482408641,0.969532400071258
null_lab_offset_85,0.0,p_value,5000,0,0.05,0.044296896700570555,0.05639403504998087
null_lab_offset_85,0.0,anova_p,5000,0,0.9408,0.9339139292448034,0.9470092647204343
null_lab_offset_85,0.0,lmm_p,5000,0,0.0272,0.02304132562570655,0.03208461333353947
null_lab_offset_85,0.0,cens_p,5000,0,0.0856,0.0781598325025074,0.09367643886955594
null_lab_offset_85,0.0,kw_p,5000,0,0.9352,0.9280369064172753,0.9416948858097471
null_lab_offset_85,0.0,ricc_p,5000,0,0.8568,0.8468169507095603,0.8662352171824471
null_lab_offset_85,0.0,ict_p,5000,0,0.9334,0.926151031491673,0.9399835244623516
null_lab_offset_85,0.0,strat_p,5000,0,0.0382,0.033231777279803,0.04387727223665177
null_lab_offset_100,0.0,p_value,5000,0,0.0416,0.03640829747606612,0.04749553166716225
null_lab_offset_100,0.0,anova_p,5000,0,0.9996,0.9985426134985768,0.9998902987179225
null_lab_offset_100,0.0,lmm_p,5000,0,0.0188,0.015388157833120277,0.022950678518802708
null_lab_offset_100,0.0,cens_p,5000,0,0.0744,0.0674483912005754,0.0820050766950572
null_lab_offset_100,0.0,kw_p,5000,0,0.9994,0.9982372939514713,0.9997959253458056
null_lab_offset_100,0.0,ricc_p,5000,0,0.9938,0.991213205957586,0.9956286116014756
null_lab_offset_100,0.0,ict_p,5000,0,0.9994,0.9982372939514713,0.9997959253458056
null_lab_offset_100,0.0,strat_p,5000,0,0.0324,0.027839983119601012,0.037677971739416415
null_lab_panel_100,0.0,p_value,5000,0,0.0502,0.04448534215006972,0.05660528251970369
null_lab_panel_100,0.0,anova_p,5000,0,1.0,0.9992322980549431,1.0000000000000002
null_lab_panel_100,0.0,lmm_p,5000,0,0.0204,0.016834083015783124,0.02470229668991568
null_lab_panel_100,0.0,cens_p,5000,0,0.0726,0.06573114085701513,0.0801250907656197
null_lab_panel_100,0.0,kw_p,5000,0,1.0,0.9992322980549431,1.0000000000000002
null_lab_panel_100,0.0,ricc_p,5000,0,0.9998,0.9988679109191605,0.9999646942165608
null_lab_panel_100,0.0,ict_p,5000,0,1.0,0.9992322980549431,1.0000000000000002
null_lab_panel_100,0.0,strat_p,5000,0,0.0402,0.03509903825222041,0.046006940456454135
null_lab_spread_85,0.0,p_value,5000,0,0.0466,0.04109752422905179,0.05279862789472603
null_lab_spread_85,0.0,anova_p,5000,0,0.08,0.07279868393273271,0.08784618570111528
null_lab_spread_85,0.0,lmm_p,5000,0,0.037,0.032113277569115785,0.04259761443200712
null_lab_spread_85,0.0,cens_p,5000,0,0.1084,0.10008156352845778,0.11731970063491097
null_lab_spread_85,0.0,kw_p,5000,0,0.0482,0.042602103737660074,0.054491591739893555
null_lab_spread_85,0.0,ricc_p,5000,0,0.012,0.009334535211612843,0.015414741886762912
null_lab_spread_85,0.0,ict_p,5000,0,0.0482,0.042602103737660074,0.054491591739893555
null_lab_spread_85,0.0,strat_p,5000,0,0.0328,0.02821060570117788,0.03810673499628352
null_lab_few_100,0.0,p_value,5000,0,0.0486,0.042978532307529155,0.05491454900846843
null_lab_few_100,0.0,anova_p,5000,0,0.7964,0.785013045651814,0.8073318606351562
null_lab_few_100,0.0,lmm_p,5000,0,0.01,0.007593772813946567,0.013158575092209418
null_lab_few_100,0.0,cens_p,5000,0,0.075,0.06802108498396975,0.0826314616693288
null_lab_few_100,0.0,kw_p,5000,0,0.7674,0.7554868208883505,0.7789026121114329
null_lab_few_100,0.0,ricc_p,5000,0,0.4906,0.4767559455469566,0.5044584872496105
null_lab_few_100,0.0,ict_p,5000,0,0.7634,0.751420540045344,0.7749750345699999
null_lab_few_100,0.0,strat_p,5000,0,0.0382,0.033231777279803,0.04387727223665177
weak_two_labs,0.1,p_value,2000,0,0.8775,0.8624029252920606,0.8911497040105931
weak_two_labs,0.1,anova_p,2000,0,0.992,0.9870439223284629,0.995069703146784
weak_two_labs,0.1,lmm_p,2000,0,0.8645,0.8487995460272093,0.8788029265047572
weak_two_labs,0.1,cens_p,2000,0,0.916,0.9030311781255179,0.9273738385364797
weak_two_labs,0.1,kw_p,2000,0,0.99,0.9846040615409247,0.9935172321234472
weak_two_labs,0.1,ricc_p,2000,0,0.9585,0.9488444508284481,0.9663976168146429
weak_two_labs,0.1,ict_p,2000,0,0.9895,0.9840010980925269,0.9931221126191265
weak_two_labs,0.1,strat_p,2000,0,0.861,0.8451451875937891,0.8754707042691462
weak_spread,0.1,p_value,2000,0,0.866,0.8503667120111433,0.8802300093789794
weak_spread,0.1,anova_p,2000,0,0.8385,0.8217258406662952,0.8539763183242967
weak_spread,0.1,lmm_p,2000,0,0.818,0.8004855285111957,0.8342952294179272
weak_spread,0.1,cens_p,2000,0,0.8525,0.8362835405748967,0.86736494109182
weak_spread,0.1,kw_p,2000,0,0.8355,0.8186120725317413,0.851101588742538
weak_spread,0.1,ricc_p,2000,0,0.6185,0.5970032796108191,0.639542380183524
weak_spread,0.1,ict_p,2000,0,0.8355,0.8186120725317413,0.851101588742538
weak_spread,0.1,strat_p,2000,0,0.84,0.823283460144139,0.8554129477046089
weak_t4,0.1,p_value,2000,0,0.9565,0.9466510236907602,0.9645987121414559
weak_t4,0.1,anova_p,2000,0,0.916,0.9030311781255179,0.9273738385364797
weak_t4,0.1,lmm_p,2000,0,0.9025,0.8887174867496197,0.9147392901889715
weak_t4,0.1,cens_p,2000,0,0.9345,0.9228026146574697,0.9445314712551214
weak_t4,0.1,kw_p,2000,0,0.95,0.9395558910656041,0.9587187663812682
weak_t4,0.1,ricc_p,2000,0,0.8295,0.8123902711105082,0.8453463947311461
weak_t4,0.1,ict_p,2000,0,0.95,0.9395558910656041,0.9587187663812682
weak_t4,0.1,strat_p,2000,0,0.95,0.9395558910656041,0.9587187663812682
weak_wt_nwt,0.1,p_value,2000,0,0.9485,0.9379251286390549,0.9573552799496612
weak_wt_nwt,0.1,anova_p,2000,0,0.924,0.9115560319521683,0.9348183119533293
weak_wt_nwt,0.1,lmm_p,2000,0,0.9095,0.8961289468949059,0.9213009913817478
weak_wt_nwt,0.1,cens_p,2000,0,0.9365,0.9249532738540492,0.9463731438694168
weak_wt_nwt,0.1,kw_p,2000,0,0.944,0.9330459959530119,0.9532516660612355
weak_wt_nwt,0.1,ricc_p,2000,0,0.7685,0.7495103570396379,0.7864601885703292
weak_wt_nwt,0.1,ict_p,2000,0,0.944,0.9330459959530119,0.9532516660612355
weak_wt_nwt,0.1,strat_p,2000,0,0.944,0.9330459959530119,0.9532516660612355
null_small,0.0,p_value,5000,0,0.052,0.04618252452365877,0.058505336419112416
null_small,0.0,anova_p,5000,0,0.0488,0.043166788231898734,0.05512598600332083
null_small,0.0,lmm_p,5000,0,0.0426,0.03734452469569485,0.04855776904364341
null_small,0.0,cens_p,5000,0,0.4412,0.42748747971594925,0.45500280203278953
null_small,0.0,kw_p,5000,0,0.0216,0.01792263398844897,0.026011903232581693
null_small,0.0,ricc_p,5000,0,0.04,0.034912144402327185,0.04579414138712538
null_small,0.0,ict_p,5000,0,0.0216,0.01792263398844897,0.026011903232581693
null_small,0.0,strat_p,5000,0,0.0216,0.01792263398844897,0.026011903232581693
weak_small,0.1,p_value,2000,0,0.4245,0.4030032232509735,0.4462862508884956
weak_small,0.1,anova_p,2000,0,0.4415,0.41987016524351045,0.4633541292883961
weak_small,0.1,lmm_p,2000,0,0.4175,0.3960655898394469,0.4392507229619597
weak_small,0.1,cens_p,2000,0,0.9025,0.8887174867496197,0.9147392901889715
weak_small,0.1,kw_p,2000,0,0.2825,0.2632002806762634,0.30263363489108147
weak_small,0.1,ricc_p,2000,0,0.369,0.34812232726921355,0.3903799391184746
weak_small,0.1,ict_p,2000,0,0.2825,0.2632002806762634,0.30263363489108147
weak_small,0.1,strat_p,2000,0,0.2825,0.2632002806762634,0.30263363489108147
null_offset_spread,0.0,p_value,5000,0,0.0482,0.042602103737660074,0.054491591739893555
null_offset_spread,0.0,anova_p,5000,0,0.749,0.7367936959715728,0.7608239884597887
null_offset_spread,0.0,lmm_p,5000,0,0.0424,0.03715721151196373,0.04834538930815256
null_offset_spread,0.0,cens_p,5000,0,0.1132,0.10471318249826778,0.1222807117264284
null_offset_spread,0.0,kw_p,5000,0,0.748,0.7357786085370693,0.7598406112981825
null_offset_spread,0.0,ricc_p,5000,0,0.5738,0.5600412469090602,0.5874454402838493
null_offset_spread,0.0,ict_p,5000,0,0.748,0.7357786085370693,0.7598406112981825
null_offset_spread,0.0,strat_p,5000,0,0.0402,0.03509903825222041,0.046006940456454135
weak_offset_spread,0.1,p_value,2000,0,0.857,0.8409727185204537,0.8716585097207316
weak_offset_spread,0.1,anova_p,2000,0,0.974,0.9660647268553368,0.9801179123220352
weak_offset_spread,0.1,lmm_p,2000,0,0.822,0.804623363055714,0.8381420584951589
weak_offset_spread,0.1,cens_p,2000,0,0.865,0.8493218663610855,0.8792786891235997
weak_offset_spread,0.1,kw_p,2000,0,0.9675,0.9587882596181988,0.9744193011738297
weak_offset_spread,0.1,ricc_p,2000,0,0.879,0.8639757776437693,0.8925711005170409
weak_offset_spread,0.1,ict_p,2000,0,0.9675,0.9587882596181988,0.9744193011738297
weak_offset_spread,0.1,strat_p,2000,0,0.84,0.823283460144139,0.8554129477046089
