design,procedure,difference,se,low,high
gauss_0.1,anova_p,-0.0165,0.0039524278415831275,-0.02424675856950293,-0.00875324143049707
gauss_0.1,lmm_p,-0.004,0.0057016010143698705,-0.015175137988164946,0.0071751379881649455
gauss_0.1,cens_p,-0.0345,0.004434490653240441,-0.04319160168035127,-0.025808398319648738
gauss_0.1,kw_p,0.0095,0.0021696148539100553,0.0052475548863362914,0.013752445113663709
gauss_0.1,ricc_p,0.167,0.008461163965307841,0.15041611862799664,0.18358388137200338
gauss_0.1,ict_p,0.0095,0.0021696148539100553,0.0052475548863362914,0.013752445113663709
gauss_0.1,strat_p,0.0095,0.0021696148539100553,0.0052475548863362914,0.013752445113663709
few,anova_p,-0.003,0.0017311841321042728,-0.006393120898924375,0.00039312089892437445
few,lmm_p,0.0215,0.0033947956225168154,0.01484620057986704,0.028153799420132956
few,cens_p,-0.0085,0.002171689000883478,-0.012756510441731617,-0.004243489558268384
few,kw_p,0.005,0.0015775754727384973,0.0019079520734325453,0.008092047926567454
few,ricc_p,0.2005,0.008982773519913268,0.18289376390097,0.21810623609903002
few,ict_p,0.005,0.0015775754727384973,0.0019079520734325453,0.008092047926567454
few,strat_p,0.005,0.0015775754727384973,0.0019079520734325453,0.008092047926567454
weak_two_labs,anova_p,-0.1145,0.007156848834691236,-0.12852742371599482,-0.10047257628400519
weak_two_labs,lmm_p,0.013,0.005994452997010377,0.0012508721258596613,0.02474912787414034
weak_two_labs,cens_p,-0.0385,0.004849807760897212,-0.04800562321135853,-0.028994376788641467
weak_two_labs,kw_p,-0.1125,0.0071377411464928564,-0.126489972647126,-0.09851002735287401
weak_two_labs,ricc_p,-0.081,0.007664781434406242,-0.09602297161143623,-0.06597702838856377
weak_two_labs,ict_p,-0.112,0.007159163834792909,-0.1260319611161941,-0.0979680388838059
weak_two_labs,strat_p,0.0165,0.0032587090376859588,0.01011293028613552,0.02288706971386448
weak_spread,anova_p,0.0275,0.007238651396290506,0.013312243263270608,0.04168775673672939
weak_spread,lmm_p,0.048,0.007508407826832997,0.03328352065940733,0.06271647934059267
weak_spread,cens_p,0.0135,0.007048667736418649,-0.00031538876338055126,0.02731538876338055
weak_spread,kw_p,0.0305,0.005856793150949289,0.019020685424139393,0.041979314575860606
weak_spread,ricc_p,0.2475,0.00985750781029947,0.22817928469181303,0.26682071530818696
weak_spread,ict_p,0.0305,0.005856793150949289,0.019020685424139393,0.041979314575860606
weak_spread,strat_p,0.026,0.003894815116587204,0.01836616237148908,0.03363383762851092
weak_t4,anova_p,0.0405,0.004994231289506578,0.030711306672567107,0.050288693327432896
weak_t4,lmm_p,0.054,0.005436614607381564,0.043344235369532136,0.06465576463046786
weak_t4,cens_p,0.022,0.004332133849714933,0.01350901765455873,0.030490982345441266
weak_t4,kw_p,0.0065,0.0017973564602277875,0.0029771813379535364,0.010022818662046462
weak_t4,ricc_p,0.127,0.007447364071657025,0.11240316641955224,0.14159683358044778
weak_t4,ict_p,0.0065,0.0017973564602277875,0.0029771813379535364,0.010022818662046462
weak_t4,strat_p,0.0065,0.0017973564602277875,0.0029771813379535364,0.010022818662046462
weak_wt_nwt,anova_p,0.0245,0.0049962341996837014,0.014707380968619945,0.034292619031380055
weak_wt_nwt,lmm_p,0.039,0.00589549645400789,0.027444826950144535,0.05055517304985546
weak_wt_nwt,cens_p,0.012,0.004683905366757783,0.002819545481154744,0.021180454518845256
weak_wt_nwt,kw_p,0.0045,0.0014969954902232924,0.0015658888391623465,0.007434111160837652
weak_wt_nwt,ricc_p,0.18,0.00862190052043586,0.16310107497994572,0.19689892502005427
weak_wt_nwt,ict_p,0.0045,0.0014969954902232924,0.0015658888391623465,0.007434111160837652
weak_wt_nwt,strat_p,0.0045,0.0014969954902232924,0.0015658888391623465,0.007434111160837652
weak_small,anova_p,-0.017,0.006661658115245948,-0.03005684990588206,-0.003943150094117944
weak_small,lmm_p,0.007,0.006633061039171483,-0.006000799636776106,0.020000799636776107
weak_small,cens_p,-0.478,0.01117230550088488,-0.49989771878173433,-0.4561022812182656
weak_small,kw_p,0.142,0.00780695038008559,0.12669837725503225,0.15730162274496773
weak_small,ricc_p,0.0555,0.00526533350021005,0.0451799463395883,0.0658200536604117
weak_small,ict_p,0.142,0.00780695038008559,0.12669837725503225,0.15730162274496773
weak_small,strat_p,0.142,0.00780695038008559,0.12669837725503225,0.15730162274496773
weak_offset_spread,anova_p,-0.117,0.007462127154560917,-0.1316257692229394,-0.1023742307770606
weak_offset_spread,lmm_p,0.035,0.00757734835572788,0.02014839722277336,0.049851602777226646
weak_offset_spread,cens_p,-0.008,0.006927625567104432,-0.021578146111524685,0.005578146111524686
weak_offset_spread,kw_p,-0.1105,0.007461414836053403,-0.12512437307866467,-0.09587562692133533
weak_offset_spread,ricc_p,-0.022,0.008677306484382809,-0.0390075207093903,-0.004992479290609694
weak_offset_spread,ict_p,-0.1105,0.007461414836053403,-0.12512437307866467,-0.09587562692133533
weak_offset_spread,strat_p,0.017,0.003723228601040742,0.009702471941960148,0.024297528058039856
