isolate_id,ciprofloxacin_call,sequence_type,phylogroup,phylogroup_clermont2013
A1,1,ST10,A,A
A10,1,ST457,F,F
A100,0,ST542,A,A
A101,1,ST410,B1,C
A102,0,ST58,B1,B1
A104,1,ST88,B1,C
A105,0,ST23,B1,C
A106,1,ST206,A,A
A107,1,ST88,B1,C
A108,0,ST88,B1,C
A109,0,ST23,B1,C
A11,1,ST88,B1,C
A110,1,ST457,F,F
A111,1,ST410,B1,C
A112,0,ST117,G,G
A113,0,ST131,B2,B2
A114,0,ST156,B1,B1
A115,1,ST101,B1,B1
A116,1,ST1148,B1,B1
A117,1,ST88,B1,C
A118,1,ST617,A,A
A119,1,ST29,B1,B1
A12,1,ST167,A,A
A120,1,ST88,B1,C
A121,1,ST457,F,F
A122,1,ST410,B1,C
A123,1,ST410,B1,C
A124,1,ST167,A,A
A125,0,ST5871,A,A
A126,1,ST88,B1,C
A127,1,ST156,B1,B1
A128,0,ST100,A,A
A129,1,ST898,B1,B1
A13,1,ST23,B1,C
A130,1,ST10,A,A
A131,1,ST410,B1,C
A132,1,ST354,F,F
A133,1,ST101,B1,B1
A134,0,ST88,B1,C
A135,0,ST23,B1,C
A136,1,ST410,B1,C
A137,1,ST46,A,A
A138,1,ST648,F,F
A139,0,ST58,B1,B1
A14,1,ST117,G,G
A140,1,ST410,B1,C
A141,1,ST1266,E,E
A142,1,ST603,B1,B1
A143,1,,A,A
A144,1,ST156,B1,B1
A145,1,ST156,B1,B1
A146,0,ST1196,B1,B1
A147,1,ST410,B1,C
A148,1,ST156,B1,B1
A149,1,ST162,B1,B1
A15,1,ST58,B1,B1
A151,0,ST58,B1,B1
A152,0,ST101,B1,B1
A153,1,ST410,B1,C
A155,1,ST93,A,A
A156,1,ST101,B1,B1
A157,1,ST410,B1,C
A158,1,ST156,B1,B1
A16,1,ST602,B1,B1
A161,1,ST410,B1,C
A162,1,ST7449,A,A
A163,1,ST8932,B1,B1
A164,1,ST101,B1,B1
A165,1,ST88,B1,C
A166,1,ST156,B1,B1
A167,0,ST101,B1,B1
A168,1,ST1642,B1,B1
A169,1,ST410,B1,C
A17,1,ST410,B1,C
A170,1,ST20,B1,B1
A171,1,ST167,A,A
A172,1,ST162,B1,B1
A173,1,ST117,G,G
A174,0,,B1,B1
A175,0,,B1,B1
A176,0,ST48,A,A
A177,1,ST410,B1,C
A178,1,ST410,B1,C
A179,0,ST101,B1,B1
A18,1,ST10,A,A
A180,0,ST10,A,A
A181,1,ST405,D,D
A183,1,ST410,B1,C
A184,1,ST410,B1,C
A185,1,ST117,G,G
A186,0,ST88,B1,C
A187,0,ST746,A,A
A188,1,ST156,B1,B1
A189,1,,A,A
A19,1,ST5147,D,D
A190,1,ST167,A,A
A191,1,ST167,A,A
A192,0,ST648,F,F
A193,1,ST46,A,A
A194,1,ST410,B1,C
A195,0,ST117,G,G
A196,1,ST58,B1,B1
A197,0,ST206,A,A
A198,1,ST206,A,A
A199,0,ST156,B1,B1
A2,1,ST2003,D,D
A20,0,ST5147,D,D
A201,0,ST1798,B1,B1
A202,1,ST453,B1,B1
A203,1,ST117,G,G
A204,0,ST154,B1,B1
A205,1,ST410,B1,C
A206,0,ST117,G,G
A207,0,ST5871,A,A
A208,1,ST88,B1,C
A209,0,ST58,B1,B1
A21,1,ST410,B1,C
A210,0,ST88,B1,C
A211,1,ST88,B1,C
A212,1,ST410,B1,C
A213,1,ST746,A,A
A214,1,ST10,A,A
A215,1,ST48,A,A
A216,1,ST46,A,A
A217,1,ST410,B1,C
A218,0,ST88,B1,C
A219,1,ST609,A,A
A22,1,ST206,A,A
A220,1,ST88,B1,C
A221,1,ST10,A,A
A222,1,ST155,B1,B1
A223,1,ST117,G,G
A224,0,ST101,B1,B1
A225,1,ST354,F,F
A226,1,ST167,A,A
A227,1,ST746,A,A
A228,1,ST162,B1,B1
A229,1,ST617,A,A
A23,1,ST5147,D,D
A230,1,ST200,B1,B1
A231,0,ST23,B1,C
A232,1,ST8932,B1,B1
A233,1,ST101,B1,B1
A234,1,ST410,B1,C
A235,1,ST117,G,G
A236,1,ST354,F,F
A237,1,ST117,G,G
A238,1,ST117,G,G
A239,1,ST354,F,F
A240,0,ST10,A,A
A241,1,ST156,B1,B1
A242,1,ST3014,A,A
A243,0,ST58,B1,B1
A244,1,ST410,B1,C
A245,1,ST101,B1,B1
A246,1,ST354,F,F
A247,0,ST542,A,A
A248,1,ST88,B1,C
A249,1,ST117,G,G
A25,1,ST10,A,A
A250,1,ST540,A,A
A251,0,ST101,B1,B1
A252,0,ST101,B1,B1
A253,0,ST101,B1,B1
A254,1,ST206,A,A
A255,1,ST10,A,A
A256,1,ST542,A,A
A257,1,ST23,B1,C
A258,1,ST115,D,D
A259,1,ST58,B1,B1
A26,1,ST410,B1,C
A260,1,ST88,B1,C
A262,1,ST410,B1,C
A263,1,ST10,A,A
A264,0,ST58,B1,B1
A265,0,ST101,B1,B1
A266,1,ST101,B1,B1
A267,1,ST101,B1,B1
A268,0,ST746,A,A
A269,1,ST1196,B1,B1
A27,1,ST206,A,A
A271,0,ST88,B1,C
A272,1,ST410,B1,C
A273,0,ST156,B1,B1
A274,0,ST156,B1,B1
A275,1,ST156,B1,B1
A276,1,ST354,F,F
A277,1,ST410,B1,C
A278,0,ST226,A,A
A279,0,ST88,B1,C
A28,0,ST58,B1,B1
A280,0,ST101,B1,B1
A281,1,ST117,G,G
A282,1,ST117,G,G
A283,1,ST48,A,A
A284,1,ST542,A,A
A285,0,ST117,G,G
A286,1,ST410,B1,C
A287,0,ST23,B1,C
A288,1,ST410,B1,C
A29,1,ST617,A,A
A290,1,ST46,A,A
A291,0,ST2088,B2,B2
A292,0,ST117,G,G
A293,1,ST410,B1,C
A294,0,ST101,B1,B1
A295,1,ST6730,A,A
A296,0,ST224,B1,B1
A297,1,ST354,F,F
A298,0,ST616,B1,B1
A299,1,ST457,F,F
A3,1,ST410,B1,C
A30,1,ST101,B1,B1
A300,0,ST877,B1,B1
A301,1,ST410,B1,C
A302,1,ST117,G,G
A303,1,ST3941,A,A
A304,1,ST131,B2,B2
A305,1,ST410,B1,C
A307,0,ST69,D,D
A308,1,ST410,B1,C
A309,0,ST101,B1,B1
A31,1,ST297,B1,B1
A310,0,ST101,B1,B1
A312,1,ST354,F,F
A313,1,ST617,A,A
A314,1,ST2973,B1,B1
A315,0,ST877,B1,B1
A316,0,ST1724,B1,B1
A317,0,,B1,B1
A318,1,ST361,A,A
A319,1,,A,A
A32,1,ST88,B1,C
A320,1,ST206,A,A
A321,1,ST457,F,F
A322,0,ST7618,E,E
A323,1,ST100,A,A
A324,0,ST617,A,A
A325,1,ST410,B1,C
A326,1,ST410,B1,C
A327,1,ST744,A,A
A328,1,ST206,A,A
A329,1,ST224,B1,B1
A33,0,ST2599,B1,B1
A330,1,ST101,B1,B1
A331,1,ST101,B1,B1
A332,1,ST617,A,A
A333,1,ST10,A,A
A334,1,ST101,B1,B1
A335,0,ST156,B1,B1
A336,1,ST617,A,A
A337,0,ST101,B1,B1
A338,1,ST410,B1,C
A339,1,ST354,F,F
A34,1,ST2179,B1,B1
A340,1,ST617,A,A
A341,1,ST617,A,A
A342,1,ST10,A,A
A343,1,ST10,A,A
A344,1,ST117,G,G
A345,1,ST206,A,A
A346,1,ST542,A,A
A347,1,ST224,B1,B1
A348,0,ST354,F,F
A349,1,,A,A
A35,1,ST8932,B1,B1
A351,1,ST101,B1,B1
A352,1,ST617,A,A
A353,1,ST609,A,A
A354,1,ST410,B1,C
A355,1,ST88,B1,C
A357,1,ST100,A,A
A358,1,ST48,A,A
A359,1,ST410,B1,C
A36,1,ST744,A,A
A360,0,ST101,B1,B1
A361,0,ST88,B1,C
A362,1,ST410,B1,C
A363,1,ST354,F,F
A364,1,ST3014,A,A
A365,0,ST641,B1,B1
A366,1,ST540,A,A
A367,0,ST58,B1,B1
A368,0,ST101,B1,B1
A369,1,ST602,B1,B1
A37,1,ST23,B1,C
A370,1,ST101,B1,B1
A371,0,ST58,B1,B1
A372,1,ST206,A,A
A373,1,ST167,A,A
A374,0,ST20,B1,B1
A375,0,ST58,B1,B1
A376,1,ST48,A,A
A377,1,ST410,B1,C
A378,0,ST88,B1,C
A379,1,ST101,B1,B1
A38,1,ST410,B1,C
A380,1,ST167,A,A
A381,1,ST10,A,A
A382,1,ST410,B1,C
A383,1,ST410,B1,C
A384,0,ST542,A,A
A385,1,ST410,B1,C
A386,1,ST6395,A,A
A387,0,ST711,B1,B1
A388,0,ST226,A,A
A389,1,ST410,B1,C
A39,1,ST58,B1,B1
A390,0,ST345,B1,B1
A391,1,ST69,D,D
A392,1,ST410,B1,C
A393,1,ST88,B1,C
A394,1,ST156,B1,B1
A395,1,ST156,B1,B1
A396,0,ST101,B1,B1
A397,1,ST101,B1,B1
A398,1,ST10,A,A
A399,1,ST457,F,F
A4,1,ST410,B1,C
A40,1,ST117,G,G
A400,1,ST206,A,A
A401,1,ST410,B1,C
A402,0,ST75,B1,B1
A403,1,ST410,B1,C
A404,1,ST117,G,G
A405,0,ST88,B1,C
A407,0,ST744,A,A
A408,0,ST88,B1,C
A409,1,ST88,B1,C
A41,1,ST88,B1,C
A410,1,ST206,A,A
A411,1,ST744,A,A
A412,1,ST156,B1,B1
A413,1,ST10,A,A
A414,1,ST354,F,F
A415,1,ST156,B1,B1
A416,1,ST746,A,A
A417,1,ST744,A,A
A419,0,ST117,G,G
A42,1,ST88,B1,C
A420,0,ST88,B1,C
A421,1,ST457,F,F
A422,0,ST58,B1,B1
A423,1,ST617,A,A
A424,1,ST617,A,A
A425,1,ST410,B1,C
A426,1,ST101,B1,B1
A427,1,ST155,B1,B1
A428,1,ST617,A,A
A429,1,ST46,A,A
A43,1,ST354,F,F
A430,1,ST410,B1,C
A431,1,ST1684,A,A
A432,1,ST744,A,A
A433,0,ST10,A,A
A436,1,ST457,F,F
A437,1,ST744,A,A
A438,0,ST156,B1,B1
A439,1,ST746,A,A
A44,1,ST410,B1,C
A440,0,ST206,A,A
A441,0,ST101,B1,B1
A442,1,ST48,A,A
A444,1,ST29,B1,B1
A445,1,ST410,B1,C
A446,1,ST10,A,A
A447,1,ST88,B1,C
A448,1,ST88,B1,C
A449,1,ST354,F,F
A45,1,ST744,A,A
A450,1,ST641,B1,B1
A451,1,ST162,B1,B1
A452,1,ST48,A,A
A453,1,ST457,F,F
A454,1,ST100,A,A
A455,1,ST617,A,A
A456,1,ST101,B1,B1
A457,1,ST167,A,A
A458,1,ST10,A,A
A459,1,ST361,A,A
A46,1,ST410,B1,C
A460,1,ST88,B1,C
A461,0,ST156,B1,B1
A462,1,ST101,B1,B1
A463,1,ST744,A,A
A464,0,ST100,A,A
A465,1,ST88,B1,C
A466,1,ST410,B1,C
A467,1,ST58,B1,B1
A468,0,ST58,B1,B1
A469,1,ST2253,A,A
A47,1,ST354,F,F
A470,1,ST206,A,A
A471,0,ST69,D,D
A472,1,ST457,F,F
A473,1,ST224,B1,B1
A474,0,ST345,B1,B1
A475,1,ST744,A,A
A476,1,ST744,A,A
A477,1,ST410,B1,C
A478,1,ST744,A,A
A479,1,ST58,B1,B1
A48,0,ST88,B1,C
A480,1,ST410,B1,C
A481,1,ST48,A,A
A482,0,ST69,D,D
A483,1,ST117,G,G
A484,0,ST457,F,F
A485,1,ST1642,B1,B1
A486,1,ST10,A,A
A487,1,ST410,B1,C
A488,1,ST7176,A,A
A489,0,ST93,A,A
A49,1,ST603,B1,B1
A492,0,ST542,A,A
A493,1,ST746,A,A
A494,1,ST88,B1,C
A495,1,ST354,F,F
A496,1,ST167,A,A
A497,1,ST410,B1,C
A498,0,ST100,A,A
A499,1,ST6395,A,A
A5,1,ST23,B1,C
A500,1,ST410,B1,C
A501,1,ST88,B1,C
A502,1,ST453,B1,B1
A503,1,ST117,G,G
A504,0,ST156,B1,B1
A505,0,ST542,A,A
A506,1,ST10,A,A
A51,1,ST2847,E,E
A52,0,ST88,B1,C
A53,1,ST1684,A,A
A54,1,ST410,B1,C
A55,1,ST410,B1,C
A56,1,ST410,B1,C
A57,1,ST88,B1,C
A58,1,ST410,B1,C
A59,1,ST410,B1,C
A6,1,ST744,A,A
A60,1,ST23,B1,C
A61,1,ST117,G,G
A63,1,ST101,B1,B1
A64,0,ST5147,D,D
A65,1,ST744,A,A
A66,1,ST410,B1,C
A67,1,ST206,A,A
A68,1,ST117,G,G
A69,1,ST398,A,A
A7,1,ST46,A,A
A70,0,ST117,G,G
A72,1,ST88,B1,C
A73,1,ST162,B1,B1
A74,0,,A,A
A75,1,ST410,B1,C
A76,1,ST95,B2,B2
A77,1,ST88,B1,C
A78,1,ST58,B1,B1
A79,1,ST540,A,A
A8,1,ST410,B1,C
A80,1,ST156,B1,B1
A81,0,ST23,B1,C
A82,1,ST410,B1,C
A83,1,ST156,B1,B1
A84,0,ST48,A,A
A85,1,ST10,A,A
A86,1,ST101,B1,B1
A87,1,ST405,D,D
A88,1,ST744,A,A
A89,1,ST410,B1,C
A9,0,ST602,B1,B1
A90,0,ST156,B1,B1
A91,1,ST648,F,F
A92,1,ST156,B1,B1
A93,1,ST154,B1,B1
A94,0,ST871,A,A
A95,1,,A,A
A96,1,ST88,B1,C
A97,1,ST117,G,G
A98,1,ST410,B1,C
A99,0,ST7588,A,A
